[UnityConnectServicesConfig] Local config successfully read: "/usr/share/unity3d/config/services-config.json"
[UnityConnectServicesConfig] Service configuration:
    "servicesConfigBaseUrl": "",
    "disableServicesWindow": false,
    "disableUserLogin": false,
    "entitlementCacheTimeoutInSeconds": 60,
    "clientConnectTimeoutSec": 60,
    "clientHandshakeTimeoutSec": 30,
    "clientResolveEntitlementsTimeoutSec": 30,
    "clientUpdateLicenseTimeoutSec": 30,
    "licensingServiceBaseUrl": "",
    "enableProxyAutoconfig": "false"

Unity Editor version:    6000.5.3f1 (c2eb47b3a2a9)
Branch:                  6000.5/staging
Build type:              Release
Batch mode:              NO
System name:             Linux
Distro version:          #1 SMP PREEMPT_DYNAMIC Fri, 28 Aug 2026 11:45:06 +0000
Kernel version:          7.2.2-1-cachyos
Architecture:            x86_64
Window Protocol:         Wayland (XWayland)
Available memory:        15885 MB
Date:                    2026-10-09T12:23:49Z
[Licensing::Module] Trying to connect to existing licensing client channel...
[Licensing::IpcConnector] Successfully connected to: "LicenseClient-smugbab" at "2026-10-09T12:23:49.784137Z"
[SignatureVerifier] Application signature verification not supported on this platform.
[Licensing::Client] Error: HandshakeResponse reported an error:
	ResponseCode: 505
	ResponseStatus: Unsupported protocol version '1.18.1'.
[Licensing::Module] Error: Failed to handshake to channel: "LicenseClient-smugbab"
[Licensing::IpcConnector] LicenseClient-smugbab channel disconnected successfully.
[Licensing::IpcConnector] Channel LicenseClient-smugbab-6000.5.3 doesn't exist
[Licensing::Module] Successfully launched the LicensingClient (PId: 2623)
Selected window backend: (null) 
Desktop is 1920 x 1080 @ 60 Hz
Initialize udev device monitor.

COMMAND LINE ARGUMENTS:
/home/smugbab/Unity/Hub/Editor/6000.5.3f1/Editor/Unity
-projectpath
/home/smugbab/Desktop/Projects/TabletGames/
-acceptSoftwareTermsForThisRunOnly
-useHub
-hubIPC
-cloudEnvironment
production
-licensingIpc
LicenseClient-smugbab
-hubSessionId
fab2315c-7383-43c9-95f6-7a55de10691d
-accessToken
JcOP753xURueTHSn73jjwzn80PNsT3rBOACl0XJU6aM002f
Successfully changed project path to: /home/smugbab/Desktop/Projects/TabletGames/
/home/smugbab/Desktop/Projects/TabletGames
[UnityMemory] Configuration Parameters - Can be set up in boot.config
    "memorysetup-temp-allocator-size-gi-baking-worker=262144"
    "memorysetup-temp-allocator-size-gi-baking-worker=262144"
    "memorysetup-temp-allocator-size-gi-baking-worker=262144"
    "memorysetup-temp-allocator-size-gi-baking-worker=262144"
    "memorysetup-temp-allocator-size-gi-baking-worker=262144"
    "memorysetup-temp-allocator-size-nav-mesh-worker=65536"
    "memorysetup-temp-allocator-size-audio-worker=65536"
    "memorysetup-temp-allocator-size-cloud-worker=32768"
    "memorysetup-allocator-temp-initial-block-size-main=262144"
    "memorysetup-allocator-temp-initial-block-size-worker=262144"
    "memorysetup-temp-allocator-size-preload-manager=33554432"
    "memorysetup-temp-allocator-size-gfx=262144"
    "memorysetup-temp-allocator-size-background-worker=32768"
    "memorysetup-temp-allocator-size-job-worker=262144"
    "memorysetup-bucket-allocator-granularity=16"
    "memorysetup-bucket-allocator-bucket-count=8"
    "memorysetup-bucket-allocator-block-size=33554432"
    "memorysetup-bucket-allocator-block-count=8"
    "memorysetup-main-allocator-block-size=16777216"
    "memorysetup-thread-allocator-block-size=16777216"
    "memorysetup-main-allocator-mimalloc-enabled=0"
    "memorysetup-gfx-main-allocator-block-size=16777216"
    "memorysetup-gfx-thread-allocator-block-size=16777216"
    "memorysetup-cache-allocator-block-size=4194304"
    "memorysetup-typetree-allocator-block-size=2097152"
    "memorysetup-profiler-bucket-allocator-granularity=16"
    "memorysetup-profiler-bucket-allocator-bucket-count=8"
    "memorysetup-profiler-bucket-allocator-block-size=33554432"
    "memorysetup-profiler-bucket-allocator-block-count=8"
    "memorysetup-profiler-allocator-block-size=16777216"
    "memorysetup-profiler-editor-allocator-block-size=1048576"
    "memorysetup-temp-allocator-size-main=16777216"
    "memorysetup-job-temp-allocator-block-size=2097152"
    "memorysetup-job-temp-allocator-block-size-background=1048576"
    "memorysetup-job-temp-allocator-reduction-small-platforms=262144"
Player connection [140246796217536]  Target information:

Player connection [140246796217536]  * "[IP] 192.168.1.78 [Port] 55504 [Flags] 2 [Guid] 4070308921 [EditorId] 4070308921 [Version] 1048832 [Id] LinuxEditor(16,192.168.1.78) [Debug] 1 [PackageName] LinuxEditor [ProjectName] Editor" 

Player connection [140246796217536]  * "[IP] 192.168.100.1 [Port] 55504 [Flags] 2 [Guid] 4070308921 [EditorId] 4070308921 [Version] 1048832 [Id] LinuxEditor(16,192.168.1.78) [Debug] 1 [PackageName] LinuxEditor [ProjectName] Editor" 

Player connection [140246796217536] Host joined multi-casting on [225.0.0.222:54997]...
Player connection [140246796217536] Host joined alternative multi-casting on [225.0.0.222:34997]...
Input System module state changed to: Initialized.
[Physics::Module] Initialized fallback backend.
[Physics::Module] Id: 0xdecafbad
[Licensing::IpcConnector] Successfully connected to: "LicenseClient-smugbab-6000.5.3" at "2026-10-09T12:23:50.356778Z"
[SignatureVerifier] Application signature verification not supported on this platform.
[Licensing::Client] Handshaking with LicensingClient:
  Version:                 1.18.1+9fbee8e
  Session Id:              026eafd5d5f447fbbe62fb12e8488f5b
  Correlation Id:          129fa084a73373557a60bf7ca7b68988
  External correlation Id: 4666086767892011849
  Machine Id:              xBadaccTF07f4julMR2SnTT1L3s=
[Licensing::Module] Successfully connected to LicensingClient on channel: "LicenseClient-smugbab-6000.5.3" (connect: 0.57s, validation: 0.08s, handshake: 0.00s)
[Licensing::IpcConnector] Successfully connected to: "LicenseClient-smugbab-6000.5.3-notifications" at "2026-10-09T12:23:50.440753Z"
[Licensing::Module] Connected to LicensingClient (PId: 2623, launch time: 0.00, total connection time: 0.65s)
[Licensing::Client] Successfully updated the access token
[Licensing::Module] Successfully updated the access token JcOP753xUR...
[Licensing::Client] Successfully resolved entitlement details
[Licensing::Module] License group:
  Id: 2474180968600-UnityPersXXXX
  Product: Unity Personal
  Type: Assigned
  Expiration: Unlimited
[Licensing::Client] Successfully updated license, isAsync: True, time: 0.01
[Licensing::Client] Successfully resolved entitlement details
[Licensing::Module] Licensing Background thread has ended after 0.72s
[Package Manager] Connected to IPC stream "Upm-2600" after 0.3 seconds.
[Licensing::Client] Successfully resolved entitlement details
Library Redirect Path: Library/
[Physics::Module] Selected backend.
[Physics::Module] Name: PhysX
[Physics::Module] Id: 0xf2b8ea05
[Physics::Module] SDK Version: 4.1.2
[Physics::Module] Integration Version: 1.0.0
[Physics::Module] Threading Mode: Multi-Threaded
Artifact Garbage Collection - Removed 1 unused hashed content files
[Licensing::Client] Successfully resolved entitlement details
Initialize engine version: 6000.5.3f1 (c2eb47b3a2a9)
[Subsystems] Discovering subsystems at path /home/smugbab/Unity/Hub/Editor/6000.5.3f1/Editor/Data/Resources/UnitySubsystems
[Subsystems] Discovering subsystems at path /home/smugbab/Desktop/Projects/TabletGames/Assets
kGfxThreadingModeSplitJobs is not supported on OpenGL Core. Reverting to kGfxThreadingModeDirect instead.
GfxDevice: creating device client; kGfxThreadingModeDirect
GLX Extensions: GLX_ARB_get_proc_address GLX_ARB_multisample GLX_EXT_visual_info GLX_EXT_visual_rating GLX_SGIX_fbconfig GLX_SGIX_pbuffer GLX_SGI_swap_control GLX_EXT_swap_control GLX_EXT_buffer_age GLX_ARB_create_context GLX_ARB_create_context_profile GLX_ARB_fbconfig_float GLX_EXT_fbconfig_packed_float GLX_EXT_framebuffer_sRGB GLX_NV_copy_image GLX_NV_copy_buffer GLX_EXT_create_context_es_profile GLX_EXT_create_context_es2_profile GLX_ARB_create_context_no_error GLX_ARB_create_context_robustness GLX_ARB_context_flush_control 
Renderer: NVIDIA GeForce RTX 3050/PCIe/SSE2
Vendor:   NVIDIA Corporation
Version:  4.5.0 NVIDIA 610.57.04
GLES:     0
 GL_AMD_multi_draw_indirect GL_AMD_seamless_cubemap_per_texture GL_AMD_vertex_shader_viewport_index GL_AMD_vertex_shader_layer GL_ARB_arrays_of_arrays GL_ARB_base_instance GL_ARB_bindless_texture GL_ARB_blend_func_extended GL_ARB_buffer_storage GL_ARB_clear_buffer_object GL_ARB_clear_texture GL_ARB_clip_control GL_ARB_color_buffer_float GL_ARB_compressed_texture_pixel_storage GL_ARB_conservative_depth GL_ARB_compute_shader GL_ARB_compute_variable_group_size GL_ARB_conditional_render_inverted GL_ARB_copy_buffer GL_ARB_copy_image GL_ARB_cull_distance GL_ARB_debug_output GL_ARB_depth_buffer_float GL_ARB_depth_clamp GL_ARB_depth_texture GL_ARB_derivative_control GL_ARB_direct_state_access GL_ARB_draw_buffers GL_ARB_draw_buffers_blend GL_ARB_draw_indirect GL_ARB_draw_elements_base_vertex GL_ARB_draw_instanced GL_ARB_enhanced_layouts GL_ARB_ES2_compatibility GL_ARB_ES3_compatibility GL_ARB_ES3_1_compatibility GL_ARB_ES3_2_compatibility GL_ARB_explicit_attrib_location GL_ARB_explicit_uniform_location GL_ARB_fragmen
t_coord_conventions GL_ARB_fragment_layer_viewport GL_ARB_fragment_program GL_ARB_fragment_program_shadow GL_ARB_fragment_shader GL_ARB_fragment_shader_interlock GL_ARB_framebuffer_no_attachments GL_ARB_framebuffer_object GL_ARB_framebuffer_sRGB GL_ARB_geometry_shader4 GL_ARB_get_program_binary GL_ARB_get_texture_sub_image GL_ARB_gl_spirv GL_ARB_gpu_shader5 GL_ARB_gpu_shader_fp64 GL_ARB_gpu_shader_int64 GL_ARB_half_float_pixel GL_ARB_half_float_vertex GL_ARB_imaging GL_ARB_indirect_parameters GL_ARB_instanced_arrays GL_ARB_internalformat_query GL_ARB_internalformat_query2 GL_ARB_invalidate_subdata GL_ARB_map_buffer_alignment GL_ARB_map_buffer_range GL_ARB_multi_bind GL_ARB_multi_draw_indirect GL_ARB_multisample GL_ARB_multitexture GL_ARB_occlusion_query GL_ARB_occlusion_query2 GL_ARB_parallel_shader_compile GL_ARB_pipeline_statistics_query GL_ARB_pixel_buffer_object GL_ARB_point_parameters GL_ARB_point_sprite GL_ARB_polygon_offset_clamp GL_ARB_post_depth_coverage GL_ARB_program_interface_query GL_ARB_provoki
ng_vertex GL_ARB_query_buffer_object GL_ARB_robust_buffer_access_behavior GL_ARB_robustness GL_ARB_sample_locations GL_ARB_sample_shading GL_ARB_sampler_objects GL_ARB_seamless_cube_map GL_ARB_seamless_cubemap_per_texture GL_ARB_separate_shader_objects GL_ARB_shader_atomic_counter_ops GL_ARB_shader_atomic_counters GL_ARB_shader_ballot GL_ARB_shader_bit_encoding GL_ARB_shader_clock GL_EXT_shader_realtime_clock GL_ARB_shader_draw_parameters GL_ARB_shader_group_vote GL_ARB_shader_image_load_store GL_ARB_shader_image_size GL_ARB_shader_objects GL_ARB_shader_precision GL_ARB_shader_storage_buffer_object GL_ARB_shader_subroutine GL_ARB_shader_texture_image_samples GL_ARB_shader_texture_lod GL_ARB_shading_language_100 GL_ARB_shader_viewport_layer_array GL_ARB_shading_language_420pack GL_ARB_shading_language_include GL_ARB_shading_language_packing GL_ARB_shadow GL_ARB_sparse_buffer GL_ARB_sparse_texture GL_ARB_sparse_texture2 GL_ARB_sparse_texture_clamp GL_ARB_spirv_extensions GL_ARB_stencil_texturing GL_ARB_sync GL
_ARB_tessellation_shader GL_ARB_texture_barrier GL_ARB_texture_border_clamp GL_ARB_texture_buffer_object GL_ARB_texture_buffer_object_rgb32 GL_ARB_texture_buffer_range GL_ARB_texture_compression GL_ARB_texture_compression_bptc GL_ARB_texture_compression_rgtc GL_ARB_texture_cube_map GL_ARB_texture_cube_map_array GL_ARB_texture_env_add GL_ARB_texture_env_combine GL_ARB_texture_env_crossbar GL_ARB_texture_env_dot3 GL_ARB_texture_filter_anisotropic GL_ARB_texture_filter_minmax GL_ARB_texture_float GL_ARB_texture_gather GL_ARB_texture_mirror_clamp_to_edge GL_ARB_texture_mirrored_repeat GL_ARB_texture_multisample GL_ARB_texture_non_power_of_two GL_ARB_texture_query_levels GL_ARB_texture_query_lod GL_ARB_texture_rectangle GL_ARB_texture_rg GL_ARB_texture_rgb10_a2ui GL_ARB_texture_stencil8 GL_ARB_texture_storage GL_ARB_texture_storage_multisample GL_ARB_texture_swizzle GL_ARB_texture_view GL_ARB_timer_query GL_ARB_transform_feedback2 GL_ARB_transform_feedback3 GL_ARB_transform_feedback_instanced GL_ARB_transform_fee
dback_overflow_query GL_ARB_transpose_matrix GL_ARB_uniform_buffer_object GL_ARB_vertex_array_bgra GL_ARB_vertex_array_object GL_ARB_vertex_attrib_64bit GL_ARB_vertex_attrib_binding GL_ARB_vertex_buffer_object GL_ARB_vertex_program GL_ARB_vertex_shader GL_ARB_vertex_type_10f_11f_11f_rev GL_ARB_vertex_type_2_10_10_10_rev GL_ARB_viewport_array GL_ARB_window_pos GL_ATI_draw_buffers GL_ATI_texture_float GL_ATI_texture_mirror_once GL_S3_s3tc GL_EXT_texture_env_add GL_EXT_abgr GL_EXT_bgra GL_EXT_bindable_uniform GL_EXT_blend_color GL_EXT_blend_equation_separate GL_EXT_blend_func_separate GL_EXT_blend_minmax GL_EXT_blend_subtract GL_EXT_compiled_vertex_array GL_EXT_Cg_shader GL_EXT_depth_bounds_test GL_EXT_direct_state_access GL_EXT_draw_buffers2 GL_EXT_draw_instanced GL_EXT_draw_range_elements GL_EXT_fog_coord GL_EXT_framebuffer_blit GL_EXT_framebuffer_multisample GL_EXTX_framebuffer_mixed_formats GL_EXT_framebuffer_multisample_blit_scaled GL_EXT_framebuffer_object GL_EXT_framebuffer_sRGB GL_EXT_geometry_shader4 G
L_EXT_gpu_program_parameters GL_EXT_gpu_shader4 GL_EXT_multi_draw_arrays GL_EXT_multiview_texture_multisample GL_EXT_multiview_timer_query GL_EXT_packed_depth_stencil GL_EXT_packed_float GL_EXT_packed_pixels GL_EXT_pixel_buffer_object GL_EXT_point_parameters GL_EXT_polygon_offset_clamp GL_EXT_post_depth_coverage GL_EXT_provoking_vertex GL_EXT_raster_multisample GL_EXT_rescale_normal GL_EXT_secondary_color GL_EXT_separate_shader_objects GL_EXT_separate_specular_color GL_EXT_shader_image_load_formatted GL_EXT_shader_image_load_store GL_EXT_shader_integer_mix GL_EXT_shadow_funcs GL_EXT_sparse_texture2 GL_EXT_stencil_two_side GL_EXT_stencil_wrap GL_EXT_texture3D GL_EXT_texture_array GL_EXT_texture_buffer_object GL_EXT_texture_compression_dxt1 GL_EXT_texture_compression_latc GL_EXT_texture_compression_rgtc GL_EXT_texture_compression_s3tc GL_EXT_texture_cube_map GL_EXT_texture_edge_clamp GL_EXT_texture_env_combine GL_EXT_texture_env_dot3 GL_EXT_texture_filter_anisotropic GL_EXT_texture_filter_minmax GL_EXT_texture
_integer GL_EXT_texture_lod GL_EXT_texture_lod_bias GL_EXT_texture_mirror_clamp GL_EXT_texture_object GL_EXT_texture_shadow_lod GL_EXT_texture_shared_exponent GL_EXT_texture_sRGB GL_EXT_texture_sRGB_R8 GL_EXT_texture_sRGB_decode GL_EXT_texture_storage GL_EXT_texture_swizzle GL_EXT_timer_query GL_EXT_transform_feedback2 GL_EXT_vertex_array GL_EXT_vertex_array_bgra GL_EXT_vertex_attrib_64bit GL_EXT_window_rectangles GL_EXT_x11_sync_object GL_EXT_import_sync_object GL_NV_robustness_video_memory_purge GL_IBM_rasterpos_clip GL_IBM_texture_mirrored_repeat GL_KHR_context_flush_control GL_KHR_debug GL_EXT_memory_object GL_EXT_memory_object_fd GL_NV_memory_object_sparse GL_KHR_parallel_shader_compile GL_KHR_no_error GL_KHR_robust_buffer_access_behavior GL_KHR_robustness GL_EXT_semaphore GL_EXT_semaphore_fd GL_NV_timeline_semaphore GL_KHR_shader_subgroup GL_KTX_buffer_region GL_NV_alpha_to_coverage_dither_control GL_NV_bindless_multi_draw_indirect GL_NV_bindless_multi_draw_indirect_count GL_NV_bindless_texture GL_NV_b
lend_equation_advanced GL_NV_blend_equation_advanced_coherent GL_NVX_blend_equation_advanced_multi_draw_buffers GL_NV_blend_minmax_factor GL_NV_blend_square GL_NV_clip_space_w_scaling GL_NV_command_list GL_NV_compute_program5 GL_NV_compute_shader_derivatives GL_NV_conditional_render GL_NV_conservative_raster GL_NV_conservative_raster_dilate GL_NV_conservative_raster_pre_snap GL_NV_conservative_raster_pre_snap_triangles GL_NV_conservative_raster_underestimation GL_NV_copy_depth_to_color GL_NV_copy_image GL_NV_depth_buffer_float GL_NV_depth_clamp GL_NV_draw_texture GL_NV_draw_vulkan_image GL_NV_ES1_1_compatibility GL_NV_ES3_1_compatibility GL_NV_explicit_multisample GL_NV_feature_query GL_NV_fence GL_NV_fill_rectangle GL_NV_float_buffer GL_NV_fog_distance GL_NV_fragment_coverage_to_color GL_NV_fragment_program GL_NV_fragment_program_option GL_NV_fragment_program2 GL_NV_fragment_shader_barycentric GL_NV_fragment_shader_interlock GL_NV_framebuffer_mixed_samples GL_NV_framebuffer_multisample_coverage GL_NV_geomet
ry_shader4 GL_NV_geometry_shader_passthrough GL_NV_gpu_program4 GL_NV_internalformat_sample_query GL_NV_gpu_program4_1 GL_NV_gpu_program5 GL_NV_gpu_program5_mem_extended GL_NV_gpu_program_fp64 GL_NV_gpu_program_multiview GL_NV_gpu_shader5 GL_NV_half_float GL_NV_light_max_exponent GL_NV_memory_attachment GL_NV_mesh_shader GL_NV_multisample_coverage GL_NV_multisample_filter_hint GL_NV_occlusion_query GL_NV_packed_depth_stencil GL_NV_parameter_buffer_object GL_NV_parameter_buffer_object2 GL_NV_path_rendering GL_NV_path_rendering_shared_edge GL_NV_pixel_data_range GL_NV_point_sprite GL_NV_primitive_restart GL_NV_primitive_shading_rate GL_NV_query_resource GL_NV_query_resource_tag GL_NV_register_combiners GL_NV_register_combiners2 GL_NV_representative_fragment_test GL_NV_sample_locations GL_NV_sample_mask_override_coverage GL_NV_scissor_exclusive GL_NV_shader_atomic_counters GL_NV_shader_atomic_float GL_NV_shader_atomic_float64 GL_NV_shader_atomic_fp16_vector GL_NV_shader_atomic_int64 GL_NV_shader_buffer_load GL_
NV_shader_storage_buffer_object GL_NV_shader_subgroup_partitioned GL_NV_shader_texture_footprint GL_NV_shading_rate_image GL_NV_stereo_view_rendering GL_NV_texgen_reflection GL_NV_texture_barrier GL_NV_texture_compression_vtc GL_NV_texture_dirty_tile_map GL_NV_texture_env_combine4 GL_NV_texture_multisample GL_NV_texture_rectangle GL_NV_texture_rectangle_compressed GL_NV_texture_shader GL_NV_texture_shader2 GL_NV_texture_shader3 GL_NV_transform_feedback GL_NV_transform_feedback2 GL_NV_uniform_buffer_unified_memory GL_NV_uniform_buffer_std430_layout GL_NV_vdpau_interop GL_NV_vdpau_interop2 GL_NV_vertex_array_range GL_NV_vertex_array_range2 GL_NV_vertex_attrib_integer_64bit GL_NV_vertex_buffer_unified_memory GL_NV_vertex_program GL_NV_vertex_program1_1 GL_NV_vertex_program2 GL_NV_vertex_program2_option GL_NV_vertex_program3 GL_NV_viewport_array2 GL_NV_viewport_swizzle GL_NVX_conditional_render GL_NV_gpu_multicast GL_NVX_progress_fence GL_NVX_gpu_memory_info GL_NVX_nvenc_interop GL_NV_shader_thread_group GL_NV_s
hader_thread_shuffle GL_KHR_blend_equation_advanced GL_KHR_blend_equation_advanced_coherent GL_OVR_multiview GL_OVR_multiview2 GL_SGIS_generate_mipmap GL_SGIS_texture_lod GL_SGIX_depth_texture GL_SGIX_shadow GL_SUN_slice_accum
OPENGL LOG: Creating OpenGL 4.5 graphics device ; Context level  <OpenGL 4.5> ; Context handle 682951400
Initialize mono
Mono path[0] = '/home/smugbab/Unity/Hub/Editor/6000.5.3f1/Editor/Data/Managed'
Mono path[1] = '/home/smugbab/Unity/Hub/Editor/6000.5.3f1/Editor/Data/BCLExtensions/runtime/netstandard2.1'
Mono path[2] = '/home/smugbab/Unity/Hub/Editor/6000.5.3f1/Editor/Data/MonoBleedingEdge/lib/mono/unityjit-linux'
Mono config path = '/home/smugbab/Unity/Hub/Editor/6000.5.3f1/Editor/Data/MonoBleedingEdge/etc'
Using monoOptions --debugger-agent=transport=dt_socket,embedding=1,server=y,suspend=n,address=127.0.0.1:56600
CodeReloadManager initialized
ImportWorker Server TCP listen port: 0
AcceleratorClientConnectionCallback - disconnected - :0
Begin MonoManager ReloadAssembly
Registering precompiled unity dll's ...
Register platform support module: /home/smugbab/Unity/Hub/Editor/6000.5.3f1/Editor/Data/PlaybackEngines/AndroidPlayer/UnityEditor.Android.Extensions.dll
Register platform support module: /home/smugbab/Unity/Hub/Editor/6000.5.3f1/Editor/Data/PlaybackEngines/LinuxStandaloneSupport/UnityEditor.LinuxStandalone.Extensions.dll
Registered in 0.029445 seconds.
Native extension for LinuxStandalone target not found
Native extension for Android target not found
Package Manager log level set to [2]
[Licensing::Client] Successfully resolved entitlement details
ScheduleIndexationOnStartup MainProcess:False IndexOnStartup:True
Mono: successfully reloaded assembly
- Finished resetting the current domain, in  1.451 seconds
Domain Reload Profiling: 2247ms
	BeginReloadAssembly (196ms)
		CreateAndSetChildDomain (7ms)
	RebuildCommonClasses (5ms)
	RebuildNativeTypeToScriptingClass (21ms)
	initialDomainReloadingComplete (99ms)
	LoadAllAssembliesAndSetupDomain (472ms)
		LoadAssemblies (192ms)
		AnalyzeDomain (354ms)
			TypeCache.Refresh (353ms)
				TypeCache.ScanAssembly (335ms)
	FinalizeReload (1453ms)
		SetupLoadedEditorAssemblies (0ms)
			InitializePlatformSupportModulesInManaged (95ms)
			BeforeProcessingInitializeOnLoad (98ms)
			ProcessInitializeOnLoadAttributes (124ms)
			ProcessInitializeOnLoadMethodAttributes (1053ms)
[Licensing::Client] Successfully resolved entitlement details
[Licensing::Client] Successfully resolved entitlement details
Application.AssetDatabase Initial Refresh Start
[Package Manager] Restoring resolved packages state from cache
[Licensing::Client] Successfully resolved entitlement details
[Package Manager] Registered 50 packages:
  Packages from [https://packages.unity.com]:
    com.unity.inputsystem@1.19.0 (location: /home/smugbab/Desktop/Projects/TabletGames/Library/PackageCache/com.unity.inputsystem@21a28c3a6c83)
    com.unity.searcher@4.9.4 (location: /home/smugbab/Desktop/Projects/TabletGames/Library/PackageCache/com.unity.searcher@d45a78918735)
    com.unity.burst@1.8.29 (location: /home/smugbab/Desktop/Projects/TabletGames/Library/PackageCache/com.unity.burst@6bb9aca3ef38)
    com.unity.nuget.mono-cecil@1.11.6 (location: /home/smugbab/Desktop/Projects/TabletGames/Library/PackageCache/com.unity.nuget.mono-cecil@ecb9724e46ff)
    com.unity.test-framework.performance@3.5.0 (location: /home/smugbab/Desktop/Projects/TabletGames/Library/PackageCache/com.unity.test-framework.performance@8b56083ec0f0)
  Built-in packages:
    com.unity.multiplayer.center@1.0.1 (location: /home/smugbab/Desktop/Projects/TabletGames/Library/PackageCache/com.unity.multiplayer.center@095ed72d0927)
    com.unity.render-pipelines.universal@17.5.0 (location: /home/smugbab/Desktop/Projects/TabletGames/Library/PackageCache/com.unity.render-pipelines.universal@d32c6e899367)
    com.unity.modules.accessibility@1.0.0 (location: /home/smugbab/Desktop/Projects/TabletGames/Library/PackageCache/com.unity.modules.accessibility)
    com.unity.modules.adaptiveperformance@1.0.0 (location: /home/smugbab/Desktop/Projects/TabletGames/Library/PackageCache/com.unity.modules.adaptiveperformance)
    com.unity.modules.ai@1.0.0 (location: /home/smugbab/Desktop/Projects/TabletGames/Library/PackageCache/com.unity.modules.ai)
    com.unity.modules.androidjni@1.0.0 (location: /home/smugbab/Desktop/Projects/TabletGames/Library/PackageCache/com.unity.modules.androidjni)
    com.unity.modules.animation@1.0.0 (location: /home/smugbab/Desktop/Projects/TabletGames/Library/PackageCache/com.unity.modules.animation)
    com.unity.modules.assetbundle@1.0.0 (location: /home/smugbab/Desktop/Projects/TabletGames/Library/PackageCache/com.unity.modules.assetbundle)
    com.unity.modules.audio@1.0.0 (location: /home/smugbab/Desktop/Projects/TabletGames/Library/PackageCache/com.unity.modules.audio)
    com.unity.modules.cloth@1.0.0 (location: /home/smugbab/Desktop/Projects/TabletGames/Library/PackageCache/com.unity.modules.cloth)
    com.unity.modules.director@1.0.0 (location: /home/smugbab/Desktop/Projects/TabletGames/Library/PackageCache/com.unity.modules.director)
    com.unity.modules.imageconversion@1.0.0 (location: /home/smugbab/Desktop/Projects/TabletGames/Library/PackageCache/com.unity.modules.imageconversion)
    com.unity.modules.imgui@1.0.0 (location: /home/smugbab/Desktop/Projects/TabletGames/Library/PackageCache/com.unity.modules.imgui)
    com.unity.modules.jsonserialize@1.0.0 (location: /home/smugbab/Desktop/Projects/TabletGames/Library/PackageCache/com.unity.modules.jsonserialize)
    com.unity.modules.particlesystem@1.0.0 (location: /home/smugbab/Desktop/Projects/TabletGames/Library/PackageCache/com.unity.modules.particlesystem)
    com.unity.modules.physics@1.0.0 (location: /home/smugbab/Desktop/Projects/TabletGames/Library/PackageCache/com.unity.modules.physics)
    com.unity.modules.physics2d@1.0.0 (location: /home/smugbab/Desktop/Projects/TabletGames/Library/PackageCache/com.unity.modules.physics2d)
    com.unity.modules.physicscore2d@1.0.0 (location: /home/smugbab/Desktop/Projects/TabletGames/Library/PackageCache/com.unity.modules.physicscore2d)
    com.unity.modules.screencapture@1.0.0 (location: /home/smugbab/Desktop/Projects/TabletGames/Library/PackageCache/com.unity.modules.screencapture)
    com.unity.modules.terrain@1.0.0 (location: /home/smugbab/Desktop/Projects/TabletGames/Library/PackageCache/com.unity.modules.terrain)
    com.unity.modules.terrainphysics@1.0.0 (location: /home/smugbab/Desktop/Projects/TabletGames/Library/PackageCache/com.unity.modules.terrainphysics)
    com.unity.modules.tilemap@1.0.0 (location: /home/smugbab/Desktop/Projects/TabletGames/Library/PackageCache/com.unity.modules.tilemap)
    com.unity.modules.ui@1.0.0 (location: /home/smugbab/Desktop/Projects/TabletGames/Library/PackageCache/com.unity.modules.ui)
    com.unity.modules.uielements@1.0.0 (location: /home/smugbab/Desktop/Projects/TabletGames/Library/PackageCache/com.unity.modules.uielements)
    com.unity.modules.umbra@1.0.0 (location: /home/smugbab/Desktop/Projects/TabletGames/Library/PackageCache/com.unity.modules.umbra)
    com.unity.modules.unityanalytics@1.0.0 (location: /home/smugbab/Desktop/Projects/TabletGames/Library/PackageCache/com.unity.modules.unityanalytics)
    com.unity.modules.unitywebrequest@1.0.0 (location: /home/smugbab/Desktop/Projects/TabletGames/Library/PackageCache/com.unity.modules.unitywebrequest)
    com.unity.modules.unitywebrequestassetbundle@1.0.0 (location: /home/smugbab/Desktop/Projects/TabletGames/Library/PackageCache/com.unity.modules.unitywebrequestassetbundle)
    com.unity.modules.unitywebrequestaudio@1.0.0 (location: /home/smugbab/Desktop/Projects/TabletGames/Library/PackageCache/com.unity.modules.unitywebrequestaudio)
    com.unity.modules.unitywebrequesttexture@1.0.0 (location: /home/smugbab/Desktop/Projects/TabletGames/Library/PackageCache/com.unity.modules.unitywebrequesttexture)
    com.unity.modules.unitywebrequestwww@1.0.0 (location: /home/smugbab/Desktop/Projects/TabletGames/Library/PackageCache/com.unity.modules.unitywebrequestwww)
    com.unity.modules.vectorgraphics@1.0.0 (location: /home/smugbab/Desktop/Projects/TabletGames/Library/PackageCache/com.unity.modules.vectorgraphics)
    com.unity.modules.vehicles@1.0.0 (location: /home/smugbab/Desktop/Projects/TabletGames/Library/PackageCache/com.unity.modules.vehicles)
    com.unity.modules.video@1.0.0 (location: /home/smugbab/Desktop/Projects/TabletGames/Library/PackageCache/com.unity.modules.video)
    com.unity.modules.wind@1.0.0 (location: /home/smugbab/Desktop/Projects/TabletGames/Library/PackageCache/com.unity.modules.wind)
    com.unity.modules.xr@1.0.0 (location: /home/smugbab/Desktop/Projects/TabletGames/Library/PackageCache/com.unity.modules.xr)
    com.unity.modules.subsystems@1.0.0 (location: /home/smugbab/Desktop/Projects/TabletGames/Library/PackageCache/com.unity.modules.subsystems)
    com.unity.modules.hierarchycore@1.0.0 (location: /home/smugbab/Desktop/Projects/TabletGames/Library/PackageCache/com.unity.modules.hierarchycore)
    com.unity.render-pipelines.core@17.5.0 (location: /home/smugbab/Desktop/Projects/TabletGames/Library/PackageCache/com.unity.render-pipelines.core@6975b73b1fe9)
    com.unity.shadergraph@17.5.0 (location: /home/smugbab/Desktop/Projects/TabletGames/Library/PackageCache/com.unity.shadergraph@61c75dca5948)
    com.unity.render-pipelines.universal-config@17.5.0 (location: /home/smugbab/Desktop/Projects/TabletGames/Library/PackageCache/com.unity.render-pipelines.universal-config@47de94ac0cce)
    com.unity.collections@6.5.0 (location: /home/smugbab/Desktop/Projects/TabletGames/Library/PackageCache/com.unity.collections@91fb845e8cf9)
    com.unity.test-framework@1.7.0 (location: /home/smugbab/Desktop/Projects/TabletGames/Library/PackageCache/com.unity.test-framework@773a3a4953ad)
    com.unity.mathematics@1.4.0 (location: /home/smugbab/Desktop/Projects/TabletGames/Library/PackageCache/com.unity.mathematics@bdc7f308708c)
    com.unity.ext.nunit@2.1.0 (location: /home/smugbab/Desktop/Projects/TabletGames/Library/PackageCache/com.unity.ext.nunit@9054f8d1d690)
[Subsystems] No new subsystems found in resolved package list.
[Package Manager] Done registering packages in 0.00 seconds
info: Microsoft.Hosting.Lifetime[14]
      Now listening on: http://unix:/tmp/ilpp.sock-b19301f3167c4946b4beb751bf334aa4
info: Microsoft.Hosting.Lifetime[0]
      Application started. Press Ctrl+C to shut down.
info: Microsoft.Hosting.Lifetime[0]
      Hosting environment: Production
info: Microsoft.Hosting.Lifetime[0]
      Content root path: /home/smugbab/Desktop/Projects/TabletGames
info: Microsoft.AspNetCore.Hosting.Diagnostics[1]
      Request starting HTTP/2 POST http://ilpp/UnityILPP.PostProcessing/Ping - application/grpc -
info: Microsoft.AspNetCore.Routing.EndpointMiddleware[0]
      Executing endpoint 'gRPC - /UnityILPP.PostProcessing/Ping'
info: Microsoft.AspNetCore.Routing.EndpointMiddleware[1]
      Executed endpoint 'gRPC - /UnityILPP.PostProcessing/Ping'
info: Microsoft.AspNetCore.Hosting.Diagnostics[2]
      Request finished HTTP/2 POST http://ilpp/UnityILPP.PostProcessing/Ping - 200 - application/grpc 36.5130ms
Starting: /home/smugbab/Unity/Hub/Editor/6000.5.3f1/Editor/Data/Tools/BuildPipeline/bee_backend --ipc --defer-dag-verification --dagfile="Library/Bee/1300b0aE.dag" --continue-on-failure --profile="Library/Bee/backend1.traceevents" ScriptAssemblies
WorkingDir: /home/smugbab/Desktop/Projects/TabletGames
info: Microsoft.AspNetCore.Hosting.Diagnostics[1]
      Request starting HTTP/2 POST http://ilpp/UnityILPP.PostProcessing/ConfigurePostProcessors - application/grpc -
info: Microsoft.AspNetCore.Routing.EndpointMiddleware[0]
      Executing endpoint 'gRPC - /UnityILPP.PostProcessing/ConfigurePostProcessors'
warn: Unity.ILPP.Runner.PostProcessingAssemblyLoadContext[0]
      Assembly system.runtime.interopservices.windowsruntime has duplicate hint path. Ignoring "/home/smugbab/Unity/Hub/Editor/6000.5.3f1/Editor/Data/UnityReferenceAssemblies/unity-4.8-api/Facades/System.Runtime.InteropServices.WindowsRuntime.dll" in favor of "/home/smugbab/Unity/Hub/Editor/6000.5.3f1/Editor/Data/NetStandard/Extensions/2.0.0/System.Runtime.InteropServices.WindowsRuntime.dll"
warn: Unity.ILPP.Runner.PostProcessingAssemblyLoadContext[0]
      Assembly system.componentmodel.composition has duplicate hint path. Ignoring "/home/smugbab/Unity/Hub/Editor/6000.5.3f1/Editor/Data/UnityReferenceAssemblies/unity-4.8-api/System.ComponentModel.Composition.dll" in favor of "/home/smugbab/Unity/Hub/Editor/6000.5.3f1/Editor/Data/NetStandard/compat/2.1.0/shims/netfx/System.ComponentModel.Composition.dll"
info: Unity.ILPP.Runner.PostProcessingAssemblyLoadContext[0]
      Resolved Unity.Burst.Cecil, Version=0.11.6.0, Culture=neutral, PublicKeyToken=50cebf1cceb9d05e with Library/PackageCache/com.unity.burst@6bb9aca3ef38/Unity.Burst.CodeGen/Unity.Burst.Cecil.dll
info: Unity.ILPP.Runner.PostProcessingAssemblyLoadContext[0]
      Resolved Mono.Cecil, Version=0.11.5.0, Culture=neutral, PublicKeyToken=50cebf1cceb9d05e with Library/PackageCache/com.unity.nuget.mono-cecil@ecb9724e46ff/Mono.Cecil.dll
info: Microsoft.AspNetCore.Routing.EndpointMiddleware[1]
      Executed endpoint 'gRPC - /UnityILPP.PostProcessing/ConfigurePostProcessors'
info: Microsoft.AspNetCore.Hosting.Diagnostics[2]
      Request finished HTTP/2 POST http://ilpp/UnityILPP.PostProcessing/ConfigurePostProcessors - 200 - application/grpc 45.8707ms
ExitCode: 3 Duration: 1s738ms
[463/582    0s] ILPP-Configuration Library/ilpp-configuration.nevergeneratedoutput
[578/582    1s] Csc Library/Bee/artifacts/1300b0aE.dag/Assembly-CSharp.dll (+2 others)
##### CommandLine
"/home/smugbab/Unity/Hub/Editor/6000.5.3f1/Editor/Data/DotNetSdk/dotnet" exec "/home/smugbab/Unity/Hub/Editor/6000.5.3f1/Editor/Data/DotNetSdk/sdk/8.0.318/Roslyn/bincore/csc.dll" /nostdlib /noconfig /shared "@Library/Bee/artifacts/1300b0aE.dag/Assembly-CSharp.rsp" "@Library/Bee/artifacts/1300b0aE.dag/Assembly-CSharp.rsp2"
##### Contents of Library/Bee/artifacts/1300b0aE.dag/Assembly-CSharp.rsp
-target:library
-out:"Library/Bee/artifacts/1300b0aE.dag/Assembly-CSharp.dll"
-refout:"Library/Bee/artifacts/1300b0aE.dag/Assembly-CSharp.ref.dll"
-define:UNITY_6000_5_3
-define:UNITY_6000_5
-define:UNITY_6000
-define:UNITY_5_3_OR_NEWER
-define:UNITY_5_4_OR_NEWER
-define:UNITY_5_5_OR_NEWER
-define:UNITY_5_6_OR_NEWER
-define:UNITY_2017_1_OR_NEWER
-define:UNITY_2017_2_OR_NEWER
-define:UNITY_2017_3_OR_NEWER
-define:UNITY_2017_4_OR_NEWER
-define:UNITY_2018_1_OR_NEWER
-define:UNITY_2018_2_OR_NEWER
-define:UNITY_2018_3_OR_NEWER
-define:UNITY_2018_4_OR_NEWER
-define:UNITY_2019_1_OR_NEWER
-define:UNITY_2019_2_OR_NEWER
-define:UNITY_2019_3_OR_NEWER
-define:UNITY_2019_4_OR_NEWER
-define:UNITY_2020_1_OR_NEWER
-define:UNITY_2020_2_OR_NEWER
-define:UNITY_2020_3_OR_NEWER
-define:UNITY_2021_1_OR_NEWER
-define:UNITY_2021_2_OR_NEWER
-define:UNITY_2021_3_OR_NEWER
-define:UNITY_2022_1_OR_NEWER
-define:UNITY_2022_2_OR_NEWER
-define:UNITY_2022_3_OR_NEWER
-define:UNITY_2023_1_OR_NEWER
-define:UNITY_2023_2_OR_NEWER
-define:UNITY_2023_3_OR_NEWER
-define:UNITY_6000_0_OR_NEWER
-define:UNITY_6000_1_OR_NEWER
-define:UNITY_6000_2_OR_NEWER
-define:UNITY_6000_3_OR_NEWER
-define:UNITY_6000_4_OR_NEWER
-define:UNITY_6000_5_OR_NEWER
-define:UNITY_INCLUDE_TESTS
-define:ENABLE_AR
-define:ENABLE_AUDIO
-define:ENABLE_AUDIO_SCRIPTABLE_PIPELINE
-define:ENABLE_CACHING
-define:ENABLE_CLOTH
-define:ENABLE_EVENT_QUEUE
-define:ENABLE_MICROPHONE
-define:ENABLE_MULTIPLE_DISPLAYS
-define:ENABLE_PHYSICS
-define:ENABLE_TEXTURE_STREAMING
-define:ENABLE_LZMA
-define:ENABLE_UNITYEVENTS
-define:ENABLE_VR
-define:ENABLE_WEBCAM
-define:ENABLE_UNITYWEBREQUEST
-define:ENABLE_WWW
-define:ENABLE_CLOUD_SERVICES
-define:ENABLE_CLOUD_SERVICES_ADS
-define:ENABLE_CLOUD_SERVICES_USE_WEBREQUEST
-define:ENABLE_UNITY_CONSENT
-define:ENABLE_UNITY_CLOUD_IDENTIFIERS
-define:ENABLE_CLOUD_SERVICES_CRASH_REPORTING
-define:ENABLE_CLOUD_SERVICES_NATIVE_CRASH_REPORTING
-define:ENABLE_CLOUD_SERVICES_PURCHASING
-define:ENABLE_CLOUD_SERVICES_ANALYTICS
-define:ENABLE_CLOUD_SERVICES_BUILD
-define:ENABLE_EDITOR_GAME_SERVICES
-define:ENABLE_UNITY_GAME_SERVICES_ANALYTICS_SUPPORT
-define:ENABLE_CLOUD_LICENSE
-define:ENABLE_EDITOR_HUB_LICENSE
-define:ENABLE_WEBSOCKET_CLIENT
-define:ENABLE_GENERATE_NATIVE_PLUGINS_FOR_ASSEMBLIES_API
-define:ENABLE_DIRECTOR_AUDIO
-define:ENABLE_DIRECTOR_TEXTURE
-define:ENABLE_MANAGED_JOBS
-define:ENABLE_MANAGED_TRANSFORM_JOBS
-define:ENABLE_MANAGED_ANIMATION_JOBS
-define:ENABLE_MANAGED_AUDIO_JOBS
-define:ENABLE_ENGINE_CODE_STRIPPING
-define:ENABLE_ONSCREEN_KEYBOARD
-define:ENABLE_MANAGED_UNITYTLS
-define:INCLUDE_DYNAMIC_GI
-define:ENABLE_SCRIPTING_GC_WBARRIERS
-define:PLATFORM_SUPPORTS_MONO
-define:ENABLE_MARSHALLING_TESTS
-define:ENABLE_VIDEO
-define:ENABLE_NAVIGATION_OFFMESHLINK_TO_NAVMESHLINK
-define:ENABLE_ACCELERATOR_CLIENT_DEBUGGING
-define:ENABLE_ACCESSIBILITY_SCREEN_READER
-define:ENABLE_ACCESSIBILITY_SETTINGS
-define:TEXTCORE_1_0_OR_NEWER
-define:EDITOR_ONLY_NAVMESH_BUILDER_DEPRECATED
-define:PLATFORM_ANDROID
-define:UNITY_ANDROID
-define:UNITY_ANDROID_API
-define:ENABLE_EGL
-define:ENABLE_NETWORK
-define:ENABLE_RUNTIME_GI
-define:ENABLE_CRUNCH_TEXTURE_COMPRESSION
-define:ENABLE_CLOUD_SERVICES_ENGINE_DIAGNOSTICS
-define:ENABLE_FIREBASE_IDENTIFIERS
-define:UNITY_CAN_SHOW_SPLASH_SCREEN
-define:UNITY_HAS_GOOGLEVR
-define:UNITY_HAS_TANGO
-define:ENABLE_SPATIALTRACKING
-define:ENABLE_ETC_COMPRESSION
-define:PLATFORM_EXTENDS_VULKAN_DEVICE
-define:PLATFORM_HAS_MULTIPLE_SWAPCHAINS
-define:UNITY_ANDROID_SUPPORTS_SHADOWFILES
-define:PLATFORM_UPDATES_TIME_OUTSIDE_OF_PLAYER_LOOP
-define:PLATFORM_EXTENDS_VULKAN_PIPELINE_CACHE
-define:PLATFORM_SUPPORTS_SPLIT_GRAPHICS_JOBS
-define:PLATFORM_HAS_ADDITIONAL_API_CHECKS
-define:PLATFORM_HAS_GRAPHICS_JOBS_SUPPORT_CHECK_OVERRIDE
-define:PLATFORM_IMPLEMENTS_INSIGHTS_ANR
-define:PLATFORM_SUPPORTS_INSIGHTS_DEVICE_INFO
-define:ENABLE_ANDROID_ADVERTISING_IDS
-define:PLATFORM_HAS_BUGGY_MSAA_RESOLVE
-define:ENABLE_ANDROID_APP_SET_ID
-define:ENABLE_INSIGHTS_PLATFORM_SPECIFIC_RESOURCES
-define:PLATFORM_REQUIRES_TETHERED_VULKAN_COMMAND_POOL
-define:ENABLE_UNITYADS_RUNTIME
-define:UNITY_UNITYADS_API
-define:ENABLE_MONO
-define:NET_STANDARD_2_0
-define:NET_STANDARD
-define:NET_STANDARD_2_1
-define:NETSTANDARD
-define:NETSTANDARD2_1
-define:ENABLE_PROFILER
-define:DEBUG
-define:TRACE
-define:UNITY_ASSERTIONS
-define:UNITY_EDITOR
-define:UNITY_EDITOR_64
-define:UNITY_EDITOR_LINUX
-define:ENABLE_UNITY_COLLECTIONS_CHECKS
-define:ENABLE_BURST_AOT
-define:UNITY_TEAM_LICENSE
-define:ENABLE_CUSTOM_RENDER_TEXTURE
-define:ENABLE_DIRECTOR
-define:ENABLE_LOCALIZATION
-define:ENABLE_SPRITES
-define:ENABLE_TERRAIN
-define:ENABLE_TILEMAP
-define:ENABLE_TIMELINE
-define:ENABLE_INPUT_SYSTEM
-define:TEXTCORE_FONT_ENGINE_1_5_OR_NEWER
-define:TEXTCORE_TEXT_ENGINE_1_5_OR_NEWER
-define:TEXTCORE_FONT_ENGINE_1_6_OR_NEWER
-define:CSHARP_7_OR_LATER
-define:CSHARP_7_3_OR_NEWER
-r:"/home/smugbab/Unity/Hub/Editor/6000.5.3f1/Editor/Data/BCLExtensions/TargetingPacks/netstandard2.1/ref/Microsoft.Bcl.AsyncInterfaces.dll"
-r:"/home/smugbab/Unity/Hub/Editor/6000.5.3f1/Editor/Data/BCLExtensions/TargetingPacks/netstandard2.1/ref/Microsoft.Extensions.DependencyInjection.Abstractions.dll"
-r:"/home/smugbab/Unity/Hub/Editor/6000.5.3f1/Editor/Data/BCLExtensions/TargetingPacks/netstandard2.1/ref/Microsoft.Extensions.Logging.Abstractions.dll"
-r:"/home/smugbab/Unity/Hub/Editor/6000.5.3f1/Editor/Data/BCLExtensions/TargetingPacks/netstandard2.1/ref/System.Collections.Immutable.dll"
-r:"/home/smugbab/Unity/Hub/Editor/6000.5.3f1/Editor/Data/BCLExtensions/TargetingPacks/netstandard2.1/ref/System.Diagnostics.DiagnosticSource.dll"
-r:"/home/smugbab/Unity/Hub/Editor/6000.5.3f1/Editor/Data/BCLExtensions/TargetingPacks/netstandard2.1/ref/System.IO.Hashing.dll"
-r:"/home/smugbab/Unity/Hub/Editor/6000.5.3f1/Editor/Data/BCLExtensions/TargetingPacks/netstandard2.1/ref/System.Reflection.Metadata.dll"
-r:"/home/smugbab/Unity/Hub/Editor/6000.5.3f1/Editor/Data/BCLExtensions/TargetingPacks/netstandard2.1/ref/System.Runtime.CompilerServices.Unsafe.dll"
-r:"/home/smugbab/Unity/Hub/Editor/6000.5.3f1/Editor/Data/BCLExtensions/TargetingPacks/netstandard2.1/ref/System.Text.Encodings.Web.dll"
-r:"/home/smugbab/Unity/Hub/Editor/6000.5.3f1/Editor/Data/BCLExtensions/TargetingPacks/netstandard2.1/ref/System.Text.Json.dll"
-r:"/home/smugbab/Unity/Hub/Editor/6000.5.3f1/Editor/Data/Managed/UnityEngine/Unity.Scripting.dll"
-r:"/home/smugbab/Unity/Hub/Editor/6000.5.3f1/Editor/Data/Managed/UnityEngine/UnityEditor.AIModule.dll"
-r:"/home/smugbab/Unity/Hub/Editor/6000.5.3f1/Editor/Data/Managed/UnityEngine/UnityEditor.AccessibilityModule.dll"
-r:"/home/smugbab/Unity/Hub/Editor/6000.5.3f1/Editor/Data/Managed/UnityEngine/UnityEditor.AdaptivePerformanceModule.dll"
-r:"/home/smugbab/Unity/Hub/Editor/6000.5.3f1/Editor/Data/Managed/UnityEngine/UnityEditor.AssetComplianceModule.dll"
-r:"/home/smugbab/Unity/Hub/Editor/6000.5.3f1/Editor/Data/Managed/UnityEngine/UnityEditor.BuildProfileModule.dll"
-r:"/home/smugbab/Unity/Hub/Editor/6000.5.3f1/Editor/Data/Managed/UnityEngine/UnityEditor.ClothModule.dll"
-r:"/home/smugbab/Unity/Hub/Editor/6000.5.3f1/Editor/Data/Managed/UnityEngine/UnityEditor.ContentLoadModule.dll"
-r:"/home/smugbab/Unity/Hub/Editor/6000.5.3f1/Editor/Data/Managed/UnityEngine/UnityEditor.CoreBusinessMetricsModule.dll"
-r:"/home/smugbab/Unity/Hub/Editor/6000.5.3f1/Editor/Data/Managed/UnityEngine/UnityEditor.CoreModule.dll"
-r:"/home/smugbab/Unity/Hub/Editor/6000.5.3f1/Editor/Data/Managed/UnityEngine/UnityEditor.DeviceSimulatorModule.dll"
-r:"/home/smugbab/Unity/Hub/Editor/6000.5.3f1/Editor/Data/Managed/UnityEngine/UnityEditor.DiagnosticsModule.dll"
-r:"/home/smugbab/Unity/Hub/Editor/6000.5.3f1/Editor/Data/Managed/UnityEngine/UnityEditor.EditorToolbarModule.dll"
-r:"/home/smugbab/Unity/Hub/Editor/6000.5.3f1/Editor/Data/Managed/UnityEngine/UnityEditor.EmbreeModule.dll"
-r:"/home/smugbab/Unity/Hub/Editor/6000.5.3f1/Editor/Data/Managed/UnityEngine/UnityEditor.GIModule.dll"
-r:"/home/smugbab/Unity/Hub/Editor/6000.5.3f1/Editor/Data/Managed/UnityEngine/UnityEditor.GenericRemoteModule.dll"
-r:"/home/smugbab/Unity/Hub/Editor/6000.5.3f1/Editor/Data/Managed/UnityEngine/UnityEditor.GraphToolkitModule.dll"
-r:"/home/smugbab/Unity/Hub/Editor/6000.5.3f1/Editor/Data/Managed/UnityEngine/UnityEditor.GraphViewModule.dll"
-r:"/home/smugbab/Unity/Hub/Editor/6000.5.3f1/Editor/Data/Managed/UnityEngine/UnityEditor.GraphicsStateCollectionSerializerModule.dll"
-r:"/home/smugbab/Unity/Hub/Editor/6000.5.3f1/Editor/Data/Managed/UnityEngine/UnityEditor.GridAndSnapModule.dll"
-r:"/home/smugbab/Unity/Hub/Editor/6000.5.3f1/Editor/Data/Managed/UnityEngine/UnityEditor.GridModule.dll"
-r:"/home/smugbab/Unity/Hub/Editor/6000.5.3f1/Editor/Data/Managed/UnityEngine/UnityEditor.HierarchyModule.dll"
-r:"/home/smugbab/Unity/Hub/Editor/6000.5.3f1/Editor/Data/Managed/UnityEngine/UnityEditor.LightingModule.dll"
-r:"/home/smugbab/Unity/Hub/Editor/6000.5.3f1/Editor/Data/Managed/UnityEngine/UnityEditor.MathematicsModule.dll"
-r:"/home/smugbab/Unity/Hub/Editor/6000.5.3f1/Editor/Data/Managed/UnityEngine/UnityEditor.MediaModule.dll"
-r:"/home/smugbab/Unity/Hub/Editor/6000.5.3f1/Editor/Data/Managed/UnityEngine/UnityEditor.MultiplayerModule.dll"
-r:"/home/smugbab/Unity/Hub/Editor/6000.5.3f1/Editor/Data/Managed/UnityEngine/UnityEditor.Physics2DModule.dll"
-r:"/home/smugbab/Unity/Hub/Editor/6000.5.3f1/Editor/Data/Managed/UnityEngine/UnityEditor.PhysicsCore2DModule.dll"
-r:"/home/smugbab/Unity/Hub/Editor/6000.5.3f1/Editor/Data/Managed/UnityEngine/UnityEditor.PhysicsModule.dll"
-r:"/home/smugbab/Unity/Hub/Editor/6000.5.3f1/Editor/Data/Managed/UnityEngine/UnityEditor.PlayModeModule.dll"
-r:"/home/smugbab/Unity/Hub/Editor/6000.5.3f1/Editor/Data/Managed/UnityEngine/UnityEditor.PresetsUIModule.dll"
-r:"/home/smugbab/Unity/Hub/Editor/6000.5.3f1/Editor/Data/Managed/UnityEngine/UnityEditor.ProjectAuditorModule.dll"
-r:"/home/smugbab/Unity/Hub/Editor/6000.5.3f1/Editor/Data/Managed/UnityEngine/UnityEditor.PropertiesModule.dll"
-r:"/home/smugbab/Unity/Hub/Editor/6000.5.3f1/Editor/Data/Managed/UnityEngine/UnityEditor.QuickInstallModule.dll"
-r:"/home/smugbab/Unity/Hub/Editor/6000.5.3f1/Editor/Data/Managed/UnityEngine/UnityEditor.QuickSearchModule.dll"
-r:"/home/smugbab/Unity/Hub/Editor/6000.5.3f1/Editor/Data/Managed/UnityEngine/UnityEditor.SafeModeModule.dll"
-r:"/home/smugbab/Unity/Hub/Editor/6000.5.3f1/Editor/Data/Managed/UnityEngine/UnityEditor.SceneTemplateModule.dll"
-r:"/home/smugbab/Unity/Hub/Editor/6000.5.3f1/Editor/Data/Managed/UnityEngine/UnityEditor.SceneViewModule.dll"
-r:"/home/smugbab/Unity/Hub/Editor/6000.5.3f1/Editor/Data/Managed/UnityEngine/UnityEditor.ShaderBuildSettingsModule.dll"
-r:"/home/smugbab/Unity/Hub/Editor/6000.5.3f1/Editor/Data/Managed/UnityEngine/UnityEditor.ShaderCompilationModule.dll"
-r:"/home/smugbab/Unity/Hub/Editor/6000.5.3f1/Editor/Data/Managed/UnityEngine/UnityEditor.ShaderFoundryModule.dll"
-r:"/home/smugbab/Unity/Hub/Editor/6000.5.3f1/Editor/Data/Managed/UnityEngine/UnityEditor.SketchUpModule.dll"
-r:"/home/smugbab/Unity/Hub/Editor/6000.5.3f1/Editor/Data/Managed/UnityEngine/UnityEditor.SpriteMaskModule.dll"
-r:"/home/smugbab/Unity/Hub/Editor/6000.5.3f1/Editor/Data/Managed/UnityEngine/UnityEditor.SpriteShapeModule.dll"
-r:"/home/smugbab/Unity/Hub/Editor/6000.5.3f1/Editor/Data/Managed/UnityEngine/UnityEditor.SubstanceModule.dll"
-r:"/home/smugbab/Unity/Hub/Editor/6000.5.3f1/Editor/Data/Managed/UnityEngine/UnityEditor.TerrainModule.dll"
-r:"/home/smugbab/Unity/Hub/Editor/6000.5.3f1/Editor/Data/Managed/UnityEngine/UnityEditor.TextCoreFontEngineModule.dll"
-r:"/home/smugbab/Unity/Hub/Editor/6000.5.3f1/Editor/Data/Managed/UnityEngine/UnityEditor.TextCoreTextEngineModule.dll"
-r:"/home/smugbab/Unity/Hub/Editor/6000.5.3f1/Editor/Data/Managed/UnityEngine/UnityEditor.TextRenderingModule.dll"
-r:"/home/smugbab/Unity/Hub/Editor/6000.5.3f1/Editor/Data/Managed/UnityEngine/UnityEditor.TilemapModule.dll"
-r:"/home/smugbab/Unity/Hub/Editor/6000.5.3f1/Editor/Data/Managed/UnityEngine/UnityEditor.TreeModule.dll"
-r:"/home/smugbab/Unity/Hub/Editor/6000.5.3f1/Editor/Data/Managed/UnityEngine/UnityEditor.U2DModule.dll"
-r:"/home/smugbab/Unity/Hub/Editor/6000.5.3f1/Editor/Data/Managed/UnityEngine/UnityEditor.UIAutomationModule.dll"
-r:"/home/smugbab/Unity/Hub/Editor/6000.5.3f1/Editor/Data/Managed/UnityEngine/UnityEditor.UIBuilderModule.dll"
-r:"/home/smugbab/Unity/Hub/Editor/6000.5.3f1/Editor/Data/Managed/UnityEngine/UnityEditor.UIElementsModule.dll"
-r:"/home/smugbab/Unity/Hub/Editor/6000.5.3f1/Editor/Data/Managed/UnityEngine/UnityEditor.UIElementsSamplesModule.dll"
-r:"/home/smugbab/Unity/Hub/Editor/6000.5.3f1/Editor/Data/Managed/UnityEngine/UnityEditor.UIToolkitAuthoringModule.dll"
-r:"/home/smugbab/Unity/Hub/Editor/6000.5.3f1/Editor/Data/Managed/UnityEngine/UnityEditor.UmbraModule.dll"
-r:"/home/smugbab/Unity/Hub/Editor/6000.5.3f1/Editor/Data/Managed/UnityEngine/UnityEditor.UnityConnectModule.dll"
-r:"/home/smugbab/Unity/Hub/Editor/6000.5.3f1/Editor/Data/Managed/UnityEngine/UnityEditor.VFXModule.dll"
-r:"/home/smugbab/Unity/Hub/Editor/6000.5.3f1/Editor/Data/Managed/UnityEngine/UnityEditor.VectorGraphicsModule.dll"
-r:"/home/smugbab/Unity/Hub/Editor/6000.5.3f1/Editor/Data/Managed/UnityEngine/UnityEditor.VideoModule.dll"
-r:"/home/smugbab/Unity/Hub/Editor/6000.5.3f1/Editor/Data/Managed/UnityEngine/UnityEditor.XRModule.dll"
-r:"/home/smugbab/Unity/Hub/Editor/6000.5.3f1/Editor/Data/Managed/UnityEngine/UnityEditor.dll"
-r:"/home/smugbab/Unity/Hub/Editor/6000.5.3f1/Editor/Data/Managed/UnityEngine/UnityEngine.AIModule.dll"
-r:"/home/smugbab/Unity/Hub/Editor/6000.5.3f1/Editor/Data/Managed/UnityEngine/UnityEngine.ARModule.dll"
-r:"/home/smugbab/Unity/Hub/Editor/6000.5.3f1/Editor/Data/Managed/UnityEngine/UnityEngine.AccessibilityModule.dll"
-r:"/home/smugbab/Unity/Hub/Editor/6000.5.3f1/Editor/Data/Managed/UnityEngine/UnityEngine.AdaptivePerformanceModule.dll"
-r:"/home/smugbab/Unity/Hub/Editor/6000.5.3f1/Editor/Data/Managed/UnityEngine/UnityEngine.AndroidJNIModule.dll"
-r:"/home/smugbab/Unity/Hub/Editor/6000.5.3f1/Editor/Data/Managed/UnityEngine/UnityEngine.AnimationModule.dll"
-r:"/home/smugbab/Unity/Hub/Editor/6000.5.3f1/Editor/Data/Managed/UnityEngine/UnityEngine.AssetBundleModule.dll"
-r:"/home/smugbab/Unity/Hub/Editor/6000.5.3f1/Editor/Data/Managed/UnityEngine/UnityEngine.AudioModule.dll"
-r:"/home/smugbab/Unity/Hub/Editor/6000.5.3f1/Editor/Data/Managed/UnityEngine/UnityEngine.ClothModule.dll"
-r:"/home/smugbab/Unity/Hub/Editor/6000.5.3f1/Editor/Data/Managed/UnityEngine/UnityEngine.ContentLoadModule.dll"
-r:"/home/smugbab/Unity/Hub/Editor/6000.5.3f1/Editor/Data/Managed/UnityEngine/UnityEngine.CoreModule.dll"
-r:"/home/smugbab/Unity/Hub/Editor/6000.5.3f1/Editor/Data/Managed/UnityEngine/UnityEngine.CrashReportingModule.dll"
-r:"/home/smugbab/Unity/Hub/Editor/6000.5.3f1/Editor/Data/Managed/UnityEngine/UnityEngine.DSPGraphModule.dll"
-r:"/home/smugbab/Unity/Hub/Editor/6000.5.3f1/Editor/Data/Managed/UnityEngine/UnityEngine.DirectorModule.dll"
-r:"/home/smugbab/Unity/Hub/Editor/6000.5.3f1/Editor/Data/Managed/UnityEngine/UnityEngine.GIModule.dll"
-r:"/home/smugbab/Unity/Hub/Editor/6000.5.3f1/Editor/Data/Managed/UnityEngine/UnityEngine.GameCenterModule.dll"
-r:"/home/smugbab/Unity/Hub/Editor/6000.5.3f1/Editor/Data/Managed/UnityEngine/UnityEngine.GraphicsStateCollectionSerializerModule.dll"
-r:"/home/smugbab/Unity/Hub/Editor/6000.5.3f1/Editor/Data/Managed/UnityEngine/UnityEngine.GridModule.dll"
-r:"/home/smugbab/Unity/Hub/Editor/6000.5.3f1/Editor/Data/Managed/UnityEngine/UnityEngine.HierarchyCoreModule.dll"
-r:"/home/smugbab/Unity/Hub/Editor/6000.5.3f1/Editor/Data/Managed/UnityEngine/UnityEngine.HotReloadModule.dll"
-r:"/home/smugbab/Unity/Hub/Editor/6000.5.3f1/Editor/Data/Managed/UnityEngine/UnityEngine.IMGUIModule.dll"
-r:"/home/smugbab/Unity/Hub/Editor/6000.5.3f1/Editor/Data/Managed/UnityEngine/UnityEngine.IdentifiersModule.dll"
-r:"/home/smugbab/Unity/Hub/Editor/6000.5.3f1/Editor/Data/Managed/UnityEngine/UnityEngine.ImageConversionModule.dll"
-r:"/home/smugbab/Unity/Hub/Editor/6000.5.3f1/Editor/Data/Managed/UnityEngine/UnityEngine.InputForUIModule.dll"
-r:"/home/smugbab/Unity/Hub/Editor/6000.5.3f1/Editor/Data/Managed/UnityEngine/UnityEngine.InputLegacyModule.dll"
-r:"/home/smugbab/Unity/Hub/Editor/6000.5.3f1/Editor/Data/Managed/UnityEngine/UnityEngine.InputModule.dll"
-r:"/home/smugbab/Unity/Hub/Editor/6000.5.3f1/Editor/Data/Managed/UnityEngine/UnityEngine.InsightsModule.dll"
-r:"/home/smugbab/Unity/Hub/Editor/6000.5.3f1/Editor/Data/Managed/UnityEngine/UnityEngine.JSONSerializeModule.dll"
-r:"/home/smugbab/Unity/Hub/Editor/6000.5.3f1/Editor/Data/Managed/UnityEngine/UnityEngine.LocalizationModule.dll"
-r:"/home/smugbab/Unity/Hub/Editor/6000.5.3f1/Editor/Data/Managed/UnityEngine/UnityEngine.MarshallingModule.dll"
-r:"/home/smugbab/Unity/Hub/Editor/6000.5.3f1/Editor/Data/Managed/UnityEngine/UnityEngine.MathematicsModule.dll"
-r:"/home/smugbab/Unity/Hub/Editor/6000.5.3f1/Editor/Data/Managed/UnityEngine/UnityEngine.MultiplayerModule.dll"
-r:"/home/smugbab/Unity/Hub/Editor/6000.5.3f1/Editor/Data/Managed/UnityEngine/UnityEngine.ParticleSystemModule.dll"
-r:"/home/smugbab/Unity/Hub/Editor/6000.5.3f1/Editor/Data/Managed/UnityEngine/UnityEngine.PerformanceReportingModule.dll"
-r:"/home/smugbab/Unity/Hub/Editor/6000.5.3f1/Editor/Data/Managed/UnityEngine/UnityEngine.Physics2DModule.dll"
-r:"/home/smugbab/Unity/Hub/Editor/6000.5.3f1/Editor/Data/Managed/UnityEngine/UnityEngine.PhysicsBackendPhysXModule.dll"
-r:"/home/smugbab/Unity/Hub/Editor/6000.5.3f1/Editor/Data/Managed/UnityEngine/UnityEngine.PhysicsCore2DModule.dll"
-r:"/home/smugbab/Unity/Hub/Editor/6000.5.3f1/Editor/Data/Managed/UnityEngine/UnityEngine.PhysicsModule.dll"
-r:"/home/smugbab/Unity/Hub/Editor/6000.5.3f1/Editor/Data/Managed/UnityEngine/UnityEngine.PropertiesModule.dll"
-r:"/home/smugbab/Unity/Hub/Editor/6000.5.3f1/Editor/Data/Managed/UnityEngine/UnityEngine.RenderAs2DModule.dll"
-r:"/home/smugbab/Unity/Hub/Editor/6000.5.3f1/Editor/Data/Managed/UnityEngine/UnityEngine.RuntimeInitializeOnLoadManagerInitializerModule.dll"
-r:"/home/smugbab/Unity/Hub/Editor/6000.5.3f1/Editor/Data/Managed/UnityEngine/UnityEngine.ScreenCaptureModule.dll"
-r:"/home/smugbab/Unity/Hub/Editor/6000.5.3f1/Editor/Data/Managed/UnityEngine/UnityEngine.ScriptingModule.dll"
-r:"/home/smugbab/Unity/Hub/Editor/6000.5.3f1/Editor/Data/Managed/UnityEngine/UnityEngine.ShaderVariantAnalyticsModule.dll"
-r:"/home/smugbab/Unity/Hub/Editor/6000.5.3f1/Editor/Data/Managed/UnityEngine/UnityEngine.SharedInternalsModule.dll"
-r:"/home/smugbab/Unity/Hub/Editor/6000.5.3f1/Editor/Data/Managed/UnityEngine/UnityEngine.SpriteMaskModule.dll"
-r:"/home/smugbab/Unity/Hub/Editor/6000.5.3f1/Editor/Data/Managed/UnityEngine/UnityEngine.SpriteShapeModule.dll"
-r:"/home/smugbab/Unity/Hub/Editor/6000.5.3f1/Editor/Data/Managed/UnityEngine/UnityEngine.StreamingModule.dll"
-r:"/home/smugbab/Unity/Hub/Editor/6000.5.3f1/Editor/Data/Managed/UnityEngine/UnityEngine.SubstanceModule.dll"
-r:"/home/smugbab/Unity/Hub/Editor/6000.5.3f1/Editor/Data/Managed/UnityEngine/UnityEngine.SubsystemsModule.dll"
-r:"/home/smugbab/Unity/Hub/Editor/6000.5.3f1/Editor/Data/Managed/UnityEngine/UnityEngine.TLSModule.dll"
-r:"/home/smugbab/Unity/Hub/Editor/6000.5.3f1/Editor/Data/Managed/UnityEngine/UnityEngine.TerrainModule.dll"
-r:"/home/smugbab/Unity/Hub/Editor/6000.5.3f1/Editor/Data/Managed/UnityEngine/UnityEngine.TerrainPhysicsModule.dll"
-r:"/home/smugbab/Unity/Hub/Editor/6000.5.3f1/Editor/Data/Managed/UnityEngine/UnityEngine.TextCoreFontEngineModule.dll"
-r:"/home/smugbab/Unity/Hub/Editor/6000.5.3f1/Editor/Data/Managed/UnityEngine/UnityEngine.TextCoreTextEngineModule.dll"
-r:"/home/smugbab/Unity/Hub/Editor/6000.5.3f1/Editor/Data/Managed/UnityEngine/UnityEngine.TextRenderingModule.dll"
-r:"/home/smugbab/Unity/Hub/Editor/6000.5.3f1/Editor/Data/Managed/UnityEngine/UnityEngine.TilemapModule.dll"
-r:"/home/smugbab/Unity/Hub/Editor/6000.5.3f1/Editor/Data/Managed/UnityEngine/UnityEngine.U2DRuntimeModule.dll"
-r:"/home/smugbab/Unity/Hub/Editor/6000.5.3f1/Editor/Data/Managed/UnityEngine/UnityEngine.UIElementsModule.dll"
-r:"/home/smugbab/Unity/Hub/Editor/6000.5.3f1/Editor/Data/Managed/UnityEngine/UnityEngine.UIModule.dll"
-r:"/home/smugbab/Unity/Hub/Editor/6000.5.3f1/Editor/Data/Managed/UnityEngine/UnityEngine.UmbraModule.dll"
-r:"/home/smugbab/Unity/Hub/Editor/6000.5.3f1/Editor/Data/Managed/UnityEngine/UnityEngine.UnityAnalyticsCommonModule.dll"
-r:"/home/smugbab/Unity/Hub/Editor/6000.5.3f1/Editor/Data/Managed/UnityEngine/UnityEngine.UnityAnalyticsModule.dll"
-r:"/home/smugbab/Unity/Hub/Editor/6000.5.3f1/Editor/Data/Managed/UnityEngine/UnityEngine.UnityConnectModule.dll"
-r:"/home/smugbab/Unity/Hub/Editor/6000.5.3f1/Editor/Data/Managed/UnityEngine/UnityEngine.UnityConsentModule.dll"
-r:"/home/smugbab/Unity/Hub/Editor/6000.5.3f1/Editor/Data/Managed/UnityEngine/UnityEngine.UnityCurlModule.dll"
-r:"/home/smugbab/Unity/Hub/Editor/6000.5.3f1/Editor/Data/Managed/UnityEngine/UnityEngine.UnityWebRequestAssetBundleModule.dll"
-r:"/home/smugbab/Unity/Hub/Editor/6000.5.3f1/Editor/Data/Managed/UnityEngine/UnityEngine.UnityWebRequestAudioModule.dll"
-r:"/home/smugbab/Unity/Hub/Editor/6000.5.3f1/Editor/Data/Managed/UnityEngine/UnityEngine.UnityWebRequestModule.dll"
-r:"/home/smugbab/Unity/Hub/Editor/6000.5.3f1/Editor/Data/Managed/UnityEngine/UnityEngine.UnityWebRequestTextureModule.dll"
-r:"/home/smugbab/Unity/Hub/Editor/6000.5.3f1/Editor/Data/Managed/UnityEngine/UnityEngine.UnityWebRequestWWWModule.dll"
-r:"/home/smugbab/Unity/Hub/Editor/6000.5.3f1/Editor/Data/Managed/UnityEngine/UnityEngine.VFXModule.dll"
-r:"/home/smugbab/Unity/Hub/Editor/6000.5.3f1/Editor/Data/Managed/UnityEngine/UnityEngine.VectorGraphicsModule.dll"
-r:"/home/smugbab/Unity/Hub/Editor/6000.5.3f1/Editor/Data/Managed/UnityEngine/UnityEngine.VehiclesModule.dll"
-r:"/home/smugbab/Unity/Hub/Editor/6000.5.3f1/Editor/Data/Managed/UnityEngine/UnityEngine.VideoModule.dll"
-r:"/home/smugbab/Unity/Hub/Editor/6000.5.3f1/Editor/Data/Managed/UnityEngine/UnityEngine.WindModule.dll"
-r:"/home/smugbab/Unity/Hub/Editor/6000.5.3f1/Editor/Data/Managed/UnityEngine/UnityEngine.XRModule.dll"
-r:"/home/smugbab/Unity/Hub/Editor/6000.5.3f1/Editor/Data/Managed/UnityEngine/UnityEngine.dll"
-r:"/home/smugbab/Unity/Hub/Editor/6000.5.3f1/Editor/Data/NetStandard/Extensions/2.0.0/System.Runtime.InteropServices.WindowsRuntime.dll"
-r:"/home/smugbab/Unity/Hub/Editor/6000.5.3f1/Editor/Data/NetStandard/compat/2.1.0/shims/netfx/System.ComponentModel.Composition.dll"
-r:"/home/smugbab/Unity/Hub/Editor/6000.5.3f1/Editor/Data/NetStandard/compat/2.1.0/shims/netfx/System.Core.dll"
-r:"/home/smugbab/Unity/Hub/Editor/6000.5.3f1/Editor/Data/NetStandard/compat/2.1.0/shims/netfx/System.Data.dll"
-r:"/home/smugbab/Unity/Hub/Editor/6000.5.3f1/Editor/Data/NetStandard/compat/2.1.0/shims/netfx/System.Drawing.dll"
-r:"/home/smugbab/Unity/Hub/Editor/6000.5.3f1/Editor/Data/NetStandard/compat/2.1.0/shims/netfx/System.IO.Compression.FileSystem.dll"
-r:"/home/smugbab/Unity/Hub/Editor/6000.5.3f1/Editor/Data/NetStandard/compat/2.1.0/shims/netfx/System.Net.dll"
-r:"/home/smugbab/Unity/Hub/Editor/6000.5.3f1/Editor/Data/NetStandard/compat/2.1.0/shims/netfx/System.Numerics.dll"
-r:"/home/smugbab/Unity/Hub/Editor/6000.5.3f1/Editor/Data/NetStandard/compat/2.1.0/shims/netfx/System.Runtime.Serialization.dll"
-r:"/home/smugbab/Unity/Hub/Editor/6000.5.3f1/Editor/Data/NetStandard/compat/2.1.0/shims/netfx/System.ServiceModel.Web.dll"
-r:"/home/smugbab/Unity/Hub/Editor/6000.5.3f1/Editor/Data/NetStandard/compat/2.1.0/shims/netfx/System.Transactions.dll"
-r:"/home/smugbab/Unity/Hub/Editor/6000.5.3f1/Editor/Data/NetStandard/compat/2.1.0/shims/netfx/System.Web.dll"
-r:"/home/smugbab/Unity/Hub/Editor/6000.5.3f1/Editor/Data/NetStandard/compat/2.1.0/shims/netfx/System.Windows.dll"
-r:"/home/smugbab/Unity/Hub/Editor/6000.5.3f1/Editor/Data/NetStandard/compat/2.1.0/shims/netfx/System.Xml.Linq.dll"
-r:"/home/smugbab/Unity/Hub/Editor/6000.5.3f1/Editor/Data/NetStandard/compat/2.1.0/shims/netfx/System.Xml.Serialization.dll"
-r:"/home/smugbab/Unity/Hub/Editor/6000.5.3f1/Editor/Data/NetStandard/compat/2.1.0/shims/netfx/System.Xml.dll"
-r:"/home/smugbab/Unity/Hub/Editor/6000.5.3f1/Editor/Data/NetStandard/compat/2.1.0/shims/netfx/System.dll"
-r:"/home/smugbab/Unity/Hub/Editor/6000.5.3f1/Editor/Data/NetStandard/compat/2.1.0/shims/netfx/mscorlib.dll"
-r:"/home/smugbab/Unity/Hub/Editor/6000.5.3f1/Editor/Data/NetStandard/compat/2.1.0/shims/netstandard/Microsoft.Win32.Primitives.dll"
-r:"/home/smugbab/Unity/Hub/Editor/6000.5.3f1/Editor/Data/NetStandard/compat/2.1.0/shims/netstandard/System.AppContext.dll"
-r:"/home/smugbab/Unity/Hub/Editor/6000.5.3f1/Editor/Data/NetStandard/compat/2.1.0/shims/netstandard/System.Buffers.dll"
-r:"/home/smugbab/Unity/Hub/Editor/6000.5.3f1/Editor/Data/NetStandard/compat/2.1.0/shims/netstandard/System.Collections.Concurrent.dll"
-r:"/home/smugbab/Unity/Hub/Editor/6000.5.3f1/Editor/Data/NetStandard/compat/2.1.0/shims/netstandard/System.Collections.NonGeneric.dll"
-r:"/home/smugbab/Unity/Hub/Editor/6000.5.3f1/Editor/Data/NetStandard/compat/2.1.0/shims/netstandard/System.Collections.Specialized.dll"
-r:"/home/smugbab/Unity/Hub/Editor/6000.5.3f1/Editor/Data/NetStandard/compat/2.1.0/shims/netstandard/System.Collections.dll"
-r:"/home/smugbab/Unity/Hub/Editor/6000.5.3f1/Editor/Data/NetStandard/compat/2.1.0/shims/netstandard/System.ComponentModel.EventBasedAsync.dll"
-r:"/home/smugbab/Unity/Hub/Editor/6000.5.3f1/Editor/Data/NetStandard/compat/2.1.0/shims/netstandard/System.ComponentModel.Primitives.dll"
-r:"/home/smugbab/Unity/Hub/Editor/6000.5.3f1/Editor/Data/NetStandard/compat/2.1.0/shims/netstandard/System.ComponentModel.TypeConverter.dll"
-r:"/home/smugbab/Unity/Hub/Editor/6000.5.3f1/Editor/Data/NetStandard/compat/2.1.0/shims/netstandard/System.ComponentModel.dll"
-r:"/home/smugbab/Unity/Hub/Editor/6000.5.3f1/Editor/Data/NetStandard/compat/2.1.0/shims/netstandard/System.Console.dll"
-r:"/home/smugbab/Unity/Hub/Editor/6000.5.3f1/Editor/Data/NetStandard/compat/2.1.0/shims/netstandard/System.Data.Common.dll"
-r:"/home/smugbab/Unity/Hub/Editor/6000.5.3f1/Editor/Data/NetStandard/compat/2.1.0/shims/netstandard/System.Diagnostics.Contracts.dll"
-r:"/home/smugbab/Unity/Hub/Editor/6000.5.3f1/Editor/Data/NetStandard/compat/2.1.0/shims/netstandard/System.Diagnostics.Debug.dll"
-r:"/home/smugbab/Unity/Hub/Editor/6000.5.3f1/Editor/Data/NetStandard/compat/2.1.0/shims/netstandard/System.Diagnostics.FileVersionInfo.dll"
-r:"/home/smugbab/Unity/Hub/Editor/6000.5.3f1/Editor/Data/NetStandard/compat/2.1.0/shims/netstandard/System.Diagnostics.Process.dll"
-r:"/home/smugbab/Unity/Hub/Editor/6000.5.3f1/Editor/Data/NetStandard/compat/2.1.0/shims/netstandard/System.Diagnostics.StackTrace.dll"
-r:"/home/smugbab/Unity/Hub/Editor/6000.5.3f1/Editor/Data/NetStandard/compat/2.1.0/shims/netstandard/System.Diagnostics.TextWriterTraceListener.dll"
-r:"/home/smugbab/Unity/Hub/Editor/6000.5.3f1/Editor/Data/NetStandard/compat/2.1.0/shims/netstandard/System.Diagnostics.Tools.dll"
-r:"/home/smugbab/Unity/Hub/Editor/6000.5.3f1/Editor/Data/NetStandard/compat/2.1.0/shims/netstandard/System.Diagnostics.TraceSource.dll"
-r:"/home/smugbab/Unity/Hub/Editor/6000.5.3f1/Editor/Data/NetStandard/compat/2.1.0/shims/netstandard/System.Diagnostics.Tracing.dll"
-r:"/home/smugbab/Unity/Hub/Editor/6000.5.3f1/Editor/Data/NetStandard/compat/2.1.0/shims/netstandard/System.Drawing.Primitives.dll"
-r:"/home/smugbab/Unity/Hub/Editor/6000.5.3f1/Editor/Data/NetStandard/compat/2.1.0/shims/netstandard/System.Dynamic.Runtime.dll"
-r:"/home/smugbab/Unity/Hub/Editor/6000.5.3f1/Editor/Data/NetStandard/compat/2.1.0/shims/netstandard/System.Globalization.Calendars.dll"
-r:"/home/smugbab/Unity/Hub/Editor/6000.5.3f1/Editor/Data/NetStandard/compat/2.1.0/shims/netstandard/System.Globalization.Extensions.dll"
-r:"/home/smugbab/Unity/Hub/Editor/6000.5.3f1/Editor/Data/NetStandard/compat/2.1.0/shims/netstandard/System.Globalization.dll"
-r:"/home/smugbab/Unity/Hub/Editor/6000.5.3f1/Editor/Data/NetStandard/compat/2.1.0/shims/netstandard/System.IO.Compression.ZipFile.dll"
-r:"/home/smugbab/Unity/Hub/Editor/6000.5.3f1/Editor/Data/NetStandard/compat/2.1.0/shims/netstandard/System.IO.Compression.dll"
-r:"/home/smugbab/Unity/Hub/Editor/6000.5.3f1/Editor/Data/NetStandard/compat/2.1.0/shims/netstandard/System.IO.FileSystem.DriveInfo.dll"
-r:"/home/smugbab/Unity/Hub/Editor/6000.5.3f1/Editor/Data/NetStandard/compat/2.1.0/shims/netstandard/System.IO.FileSystem.Primitives.dll"
-r:"/home/smugbab/Unity/Hub/Editor/6000.5.3f1/Editor/Data/NetStandard/compat/2.1.0/shims/netstandard/System.IO.FileSystem.Watcher.dll"
-r:"/home/smugbab/Unity/Hub/Editor/6000.5.3f1/Editor/Data/NetStandard/compat/2.1.0/shims/netstandard/System.IO.FileSystem.dll"
-r:"/home/smugbab/Unity/Hub/Editor/6000.5.3f1/Editor/Data/NetStandard/compat/2.1.0/shims/netstandard/System.IO.IsolatedStorage.dll"
-r:"/home/smugbab/Unity/Hub/Editor/6000.5.3f1/Editor/Data/NetStandard/compat/2.1.0/shims/netstandard/System.IO.MemoryMappedFiles.dll"
-r:"/home/smugbab/Unity/Hub/Editor/6000.5.3f1/Editor/Data/NetStandard/compat/2.1.0/shims/netstandard/System.IO.Pipes.dll"
-r:"/home/smugbab/Unity/Hub/Editor/6000.5.3f1/Editor/Data/NetStandard/compat/2.1.0/shims/netstandard/System.IO.UnmanagedMemoryStream.dll"
-r:"/home/smugbab/Unity/Hub/Editor/6000.5.3f1/Editor/Data/NetStandard/compat/2.1.0/shims/netstandard/System.IO.dll"
-r:"/home/smugbab/Unity/Hub/Editor/6000.5.3f1/Editor/Data/NetStandard/compat/2.1.0/shims/netstandard/System.Linq.Expressions.dll"
-r:"/home/smugbab/Unity/Hub/Editor/6000.5.3f1/Editor/Data/NetStandard/compat/2.1.0/shims/netstandard/System.Linq.Parallel.dll"
-r:"/home/smugbab/Unity/Hub/Editor/6000.5.3f1/Editor/Data/NetStandard/compat/2.1.0/shims/netstandard/System.Linq.Queryable.dll"
-r:"/home/smugbab/Unity/Hub/Editor/6000.5.3f1/Editor/Data/NetStandard/compat/2.1.0/shims/netstandard/System.Linq.dll"
-r:"/home/smugbab/Unity/Hub/Editor/6000.5.3f1/Editor/Data/NetStandard/compat/2.1.0/shims/netstandard/System.Memory.dll"
-r:"/home/smugbab/Unity/Hub/Editor/6000.5.3f1/Editor/Data/NetStandard/compat/2.1.0/shims/netstandard/System.Net.Http.dll"
-r:"/home/smugbab/Unity/Hub/Editor/6000.5.3f1/Editor/Data/NetStandard/compat/2.1.0/shims/netstandard/System.Net.NameResolution.dll"
-r:"/home/smugbab/Unity/Hub/Editor/6000.5.3f1/Editor/Data/NetStandard/compat/2.1.0/shims/netstandard/System.Net.NetworkInformation.dll"
-r:"/home/smugbab/Unity/Hub/Editor/6000.5.3f1/Editor/Data/NetStandard/compat/2.1.0/shims/netstandard/System.Net.Ping.dll"
-r:"/home/smugbab/Unity/Hub/Editor/6000.5.3f1/Editor/Data/NetStandard/compat/2.1.0/shims/netstandard/System.Net.Primitives.dll"
-r:"/home/smugbab/Unity/Hub/Editor/6000.5.3f1/Editor/Data/NetStandard/compat/2.1.0/shims/netstandard/System.Net.Requests.dll"
-r:"/home/smugbab/Unity/Hub/Editor/6000.5.3f1/Editor/Data/NetStandard/compat/2.1.0/shims/netstandard/System.Net.Security.dll"
-r:"/home/smugbab/Unity/Hub/Editor/6000.5.3f1/Editor/Data/NetStandard/compat/2.1.0/shims/netstandard/System.Net.Sockets.dll"
-r:"/home/smugbab/Unity/Hub/Editor/6000.5.3f1/Editor/Data/NetStandard/compat/2.1.0/shims/netstandard/System.Net.WebHeaderCollection.dll"
-r:"/home/smugbab/Unity/Hub/Editor/6000.5.3f1/Editor/Data/NetStandard/compat/2.1.0/shims/netstandard/System.Net.WebSockets.Client.dll"
-r:"/home/smugbab/Unity/Hub/Editor/6000.5.3f1/Editor/Data/NetStandard/compat/2.1.0/shims/netstandard/System.Net.WebSockets.dll"
-r:"/home/smugbab/Unity/Hub/Editor/6000.5.3f1/Editor/Data/NetStandard/compat/2.1.0/shims/netstandard/System.Numerics.Vectors.dll"
-r:"/home/smugbab/Unity/Hub/Editor/6000.5.3f1/Editor/Data/NetStandard/compat/2.1.0/shims/netstandard/System.ObjectModel.dll"
-r:"/home/smugbab/Unity/Hub/Editor/6000.5.3f1/Editor/Data/NetStandard/compat/2.1.0/shims/netstandard/System.Reflection.DispatchProxy.dll"
-r:"/home/smugbab/Unity/Hub/Editor/6000.5.3f1/Editor/Data/NetStandard/compat/2.1.0/shims/netstandard/System.Reflection.Emit.ILGeneration.dll"
-r:"/home/smugbab/Unity/Hub/Editor/6000.5.3f1/Editor/Data/NetStandard/compat/2.1.0/shims/netstandard/System.Reflection.Emit.Lightweight.dll"
-r:"/home/smugbab/Unity/Hub/Editor/6000.5.3f1/Editor/Data/NetStandard/compat/2.1.0/shims/netstandard/System.Reflection.Emit.dll"
-r:"/home/smugbab/Unity/Hub/Editor/6000.5.3f1/Editor/Data/NetStandard/compat/2.1.0/shims/netstandard/System.Reflection.Extensions.dll"
-r:"/home/smugbab/Unity/Hub/Editor/6000.5.3f1/Editor/Data/NetStandard/compat/2.1.0/shims/netstandard/System.Reflection.Primitives.dll"
-r:"/home/smugbab/Unity/Hub/Editor/6000.5.3f1/Editor/Data/NetStandard/compat/2.1.0/shims/netstandard/System.Reflection.dll"
-r:"/home/smugbab/Unity/Hub/Editor/6000.5.3f1/Editor/Data/NetStandard/compat/2.1.0/shims/netstandard/System.Resources.Reader.dll"
-r:"/home/smugbab/Unity/Hub/Editor/6000.5.3f1/Editor/Data/NetStandard/compat/2.1.0/shims/netstandard/System.Resources.ResourceManager.dll"
-r:"/home/smugbab/Unity/Hub/Editor/6000.5.3f1/Editor/Data/NetStandard/compat/2.1.0/shims/netstandard/System.Resources.Writer.dll"
-r:"/home/smugbab/Unity/Hub/Editor/6000.5.3f1/Editor/Data/NetStandard/compat/2.1.0/shims/netstandard/System.Runtime.CompilerServices.VisualC.dll"
-r:"/home/smugbab/Unity/Hub/Editor/6000.5.3f1/Editor/Data/NetStandard/compat/2.1.0/shims/netstandard/System.Runtime.Extensions.dll"
-r:"/home/smugbab/Unity/Hub/Editor/6000.5.3f1/Editor/Data/NetStandard/compat/2.1.0/shims/netstandard/System.Runtime.Handles.dll"
-r:"/home/smugbab/Unity/Hub/Editor/6000.5.3f1/Editor/Data/NetStandard/compat/2.1.0/shims/netstandard/System.Runtime.InteropServices.RuntimeInformation.dll"
-r:"/home/smugbab/Unity/Hub/Editor/6000.5.3f1/Editor/Data/NetStandard/compat/2.1.0/shims/netstandard/System.Runtime.InteropServices.dll"
-r:"/home/smugbab/Unity/Hub/Editor/6000.5.3f1/Editor/Data/NetStandard/compat/2.1.0/shims/netstandard/System.Runtime.Numerics.dll"
-r:"/home/smugbab/Unity/Hub/Editor/6000.5.3f1/Editor/Data/NetStandard/compat/2.1.0/shims/netstandard/System.Runtime.Serialization.Formatters.dll"
-r:"/home/smugbab/Unity/Hub/Editor/6000.5.3f1/Editor/Data/NetStandard/compat/2.1.0/shims/netstandard/System.Runtime.Serialization.Json.dll"
-r:"/home/smugbab/Unity/Hub/Editor/6000.5.3f1/Editor/Data/NetStandard/compat/2.1.0/shims/netstandard/System.Runtime.Serialization.Primitives.dll"
-r:"/home/smugbab/Unity/Hub/Editor/6000.5.3f1/Editor/Data/NetStandard/compat/2.1.0/shims/netstandard/System.Runtime.Serialization.Xml.dll"
-r:"/home/smugbab/Unity/Hub/Editor/6000.5.3f1/Editor/Data/NetStandard/compat/2.1.0/shims/netstandard/System.Runtime.dll"
-r:"/home/smugbab/Unity/Hub/Editor/6000.5.3f1/Editor/Data/NetStandard/compat/2.1.0/shims/netstandard/System.Security.Claims.dll"
-r:"/home/smugbab/Unity/Hub/Editor/6000.5.3f1/Editor/Data/NetStandard/compat/2.1.0/shims/netstandard/System.Security.Cryptography.Algorithms.dll"
-r:"/home/smugbab/Unity/Hub/Editor/6000.5.3f1/Editor/Data/NetStandard/compat/2.1.0/shims/netstandard/System.Security.Cryptography.Csp.dll"
-r:"/home/smugbab/Unity/Hub/Editor/6000.5.3f1/Editor/Data/NetStandard/compat/2.1.0/shims/netstandard/System.Security.Cryptography.Encoding.dll"
-r:"/home/smugbab/Unity/Hub/Editor/6000.5.3f1/Editor/Data/NetStandard/compat/2.1.0/shims/netstandard/System.Security.Cryptography.Primitives.dll"
-r:"/home/smugbab/Unity/Hub/Editor/6000.5.3f1/Editor/Data/NetStandard/compat/2.1.0/shims/netstandard/System.Security.Cryptography.X509Certificates.dll"
-r:"/home/smugbab/Unity/Hub/Editor/6000.5.3f1/Editor/Data/NetStandard/compat/2.1.0/shims/netstandard/System.Security.Principal.dll"
-r:"/home/smugbab/Unity/Hub/Editor/6000.5.3f1/Editor/Data/NetStandard/compat/2.1.0/shims/netstandard/System.Security.SecureString.dll"
-r:"/home/smugbab/Unity/Hub/Editor/6000.5.3f1/Editor/Data/NetStandard/compat/2.1.0/shims/netstandard/System.Text.Encoding.Extensions.dll"
-r:"/home/smugbab/Unity/Hub/Editor/6000.5.3f1/Editor/Data/NetStandard/compat/2.1.0/shims/netstandard/System.Text.Encoding.dll"
-r:"/home/smugbab/Unity/Hub/Editor/6000.5.3f1/Editor/Data/NetStandard/compat/2.1.0/shims/netstandard/System.Text.RegularExpressions.dll"
-r:"/home/smugbab/Unity/Hub/Editor/6000.5.3f1/Editor/Data/NetStandard/compat/2.1.0/shims/netstandard/System.Threading.Overlapped.dll"
-r:"/home/smugbab/Unity/Hub/Editor/6000.5.3f1/Editor/Data/NetStandard/compat/2.1.0/shims/netstandard/System.Threading.Tasks.Extensions.dll"
-r:"/home/smugbab/Unity/Hub/Editor/6000.5.3f1/Editor/Data/NetStandard/compat/2.1.0/shims/netstandard/System.Threading.Tasks.Parallel.dll"
-r:"/home/smugbab/Unity/Hub/Editor/6000.5.3f1/Editor/Data/NetStandard/compat/2.1.0/shims/netstandard/System.Threading.Tasks.dll"
-r:"/home/smugbab/Unity/Hub/Editor/6000.5.3f1/Editor/Data/NetStandard/compat/2.1.0/shims/netstandard/System.Threading.Thread.dll"
-r:"/home/smugbab/Unity/Hub/Editor/6000.5.3f1/Editor/Data/NetStandard/compat/2.1.0/shims/netstandard/System.Threading.ThreadPool.dll"
-r:"/home/smugbab/Unity/Hub/Editor/6000.5.3f1/Editor/Data/NetStandard/compat/2.1.0/shims/netstandard/System.Threading.Timer.dll"
-r:"/home/smugbab/Unity/Hub/Editor/6000.5.3f1/Editor/Data/NetStandard/compat/2.1.0/shims/netstandard/System.Threading.dll"
-r:"/home/smugbab/Unity/Hub/Editor/6000.5.3f1/Editor/Data/NetStandard/compat/2.1.0/shims/netstandard/System.ValueTuple.dll"
-r:"/home/smugbab/Unity/Hub/Editor/6000.5.3f1/Editor/Data/NetStandard/compat/2.1.0/shims/netstandard/System.Xml.ReaderWriter.dll"
-r:"/home/smugbab/Unity/Hub/Editor/6000.5.3f1/Editor/Data/NetStandard/compat/2.1.0/shims/netstandard/System.Xml.XDocument.dll"
-r:"/home/smugbab/Unity/Hub/Editor/6000.5.3f1/Editor/Data/NetStandard/compat/2.1.0/shims/netstandard/System.Xml.XPath.XDocument.dll"
-r:"/home/smugbab/Unity/Hub/Editor/6000.5.3f1/Editor/Data/NetStandard/compat/2.1.0/shims/netstandard/System.Xml.XPath.dll"
-r:"/home/smugbab/Unity/Hub/Editor/6000.5.3f1/Editor/Data/NetStandard/compat/2.1.0/shims/netstandard/System.Xml.XmlDocument.dll"
-r:"/home/smugbab/Unity/Hub/Editor/6000.5.3f1/Editor/Data/NetStandard/compat/2.1.0/shims/netstandard/System.Xml.XmlSerializer.dll"
-r:"/home/smugbab/Unity/Hub/Editor/6000.5.3f1/Editor/Data/NetStandard/ref/2.1.0/netstandard.dll"
-r:"/home/smugbab/Unity/Hub/Editor/6000.5.3f1/Editor/Data/PlaybackEngines/AndroidPlayer/Unity.Android.Gradle.dll"
-r:"/home/smugbab/Unity/Hub/Editor/6000.5.3f1/Editor/Data/PlaybackEngines/AndroidPlayer/Unity.Android.Types.dll"
-r:"Library/PackageCache/com.unity.collections@91fb845e8cf9/Unity.Collections.LowLevel.ILSupport/Unity.Collections.LowLevel.ILSupport.dll"
-r:"Library/PackageCache/com.unity.ext.nunit@9054f8d1d690/net472/unity-custom/nunit.framework.dll"
-r:"Library/PackageCache/com.unity.nuget.mono-cecil@ecb9724e46ff/Mono.Cecil.dll"
-r:"Library/Bee/artifacts/1300b0aE.dag/Unity.Burst.Editor.ref.dll"
-r:"Library/Bee/artifacts/1300b0aE.dag/Unity.Burst.ref.dll"
-r:"Library/Bee/artifacts/1300b0aE.dag/Unity.Collections.Editor.ref.dll"
-r:"Library/Bee/artifacts/1300b0aE.dag/Unity.Collections.ref.dll"
-r:"Library/Bee/artifacts/1300b0aE.dag/Unity.InputSystem.ForUI.ref.dll"
-r:"Library/Bee/artifacts/1300b0aE.dag/Unity.InputSystem.ref.dll"
-r:"Library/Bee/artifacts/1300b0aE.dag/Unity.InternalAPIEditorBridge.ShaderGraph.Editor.ref.dll"
-r:"Library/Bee/artifacts/1300b0aE.dag/Unity.InternalAPIEngineBridge.RenderPipelines.Core.Editor.ref.dll"
-r:"Library/Bee/artifacts/1300b0aE.dag/Unity.InternalAPIEngineBridge.RenderPipelines.Core.Runtime.Shared.ref.dll"
-r:"Library/Bee/artifacts/1300b0aE.dag/Unity.Mathematics.ref.dll"
-r:"Library/Bee/artifacts/1300b0aE.dag/Unity.Multiplayer.Center.Common.ref.dll"
-r:"Library/Bee/artifacts/1300b0aE.dag/Unity.Multiplayer.Center.Editor.ref.dll"
-r:"Library/Bee/artifacts/1300b0aE.dag/Unity.PathTracing.Editor.ref.dll"
-r:"Library/Bee/artifacts/1300b0aE.dag/Unity.PathTracing.Runtime.ref.dll"
-r:"Library/Bee/artifacts/1300b0aE.dag/Unity.RenderPipeline.Universal.ShaderLibrary.ref.dll"
-r:"Library/Bee/artifacts/1300b0aE.dag/Unity.RenderPipelines.Core.Editor.Shared.ref.dll"
-r:"Library/Bee/artifacts/1300b0aE.dag/Unity.RenderPipelines.Core.Editor.ref.dll"
-r:"Library/Bee/artifacts/1300b0aE.dag/Unity.RenderPipelines.Core.Runtime.Shared.ref.dll"
-r:"Library/Bee/artifacts/1300b0aE.dag/Unity.RenderPipelines.Core.Runtime.ref.dll"
-r:"Library/Bee/artifacts/1300b0aE.dag/Unity.RenderPipelines.Core.ShaderLibrary.ref.dll"
-r:"Library/Bee/artifacts/1300b0aE.dag/Unity.RenderPipelines.GPUDriven.Runtime.ref.dll"
-r:"Library/Bee/artifacts/1300b0aE.dag/Unity.RenderPipelines.ShaderGraph.ShaderGraphLibrary.ref.dll"
-r:"Library/Bee/artifacts/1300b0aE.dag/Unity.RenderPipelines.Universal.2D.Editor.Overrides.ref.dll"
-r:"Library/Bee/artifacts/1300b0aE.dag/Unity.RenderPipelines.Universal.2D.Runtime.ref.dll"
-r:"Library/Bee/artifacts/1300b0aE.dag/Unity.RenderPipelines.Universal.Config.Runtime.ref.dll"
-r:"Library/Bee/artifacts/1300b0aE.dag/Unity.RenderPipelines.Universal.Editor.ref.dll"
-r:"Library/Bee/artifacts/1300b0aE.dag/Unity.RenderPipelines.Universal.Runtime.ref.dll"
-r:"Library/Bee/artifacts/1300b0aE.dag/Unity.RenderPipelines.Universal.Shaders.ref.dll"
-r:"Library/Bee/artifacts/1300b0aE.dag/Unity.Rendering.LightTransport.Editor.ref.dll"
-r:"Library/Bee/artifacts/1300b0aE.dag/Unity.Searcher.Editor.ref.dll"
-r:"Library/Bee/artifacts/1300b0aE.dag/Unity.ShaderGraph.Editor.ref.dll"
-r:"Library/Bee/artifacts/1300b0aE.dag/Unity.SurfaceCache.Runtime.ref.dll"
-r:"Library/Bee/artifacts/1300b0aE.dag/Unity.UnifiedRayTracing.Runtime.ref.dll"
-analyzer:"/home/smugbab/Unity/Hub/Editor/6000.5.3f1/Editor/Data/BCLExtensions/TargetingPacks/netstandard2.1/analyzers/dotnet/roslyn4.0/cs/Microsoft.Extensions.Logging.Generators.dll"
-analyzer:"/home/smugbab/Unity/Hub/Editor/6000.5.3f1/Editor/Data/BCLExtensions/TargetingPacks/netstandard2.1/analyzers/dotnet/roslyn4.0/cs/System.Text.Json.SourceGeneration.dll"
-analyzer:"/home/smugbab/Unity/Hub/Editor/6000.5.3f1/Editor/Data/Tools/BuildPipeline/Unity.Analyzers.Common/Unity.Analyzers.Common.dll"
-analyzer:"/home/smugbab/Unity/Hub/Editor/6000.5.3f1/Editor/Data/Tools/BuildPipeline/Unity.Analyzers.LongLiving/Unity.Analyzers.LongLiving.dll"
-analyzer:"/home/smugbab/Unity/Hub/Editor/6000.5.3f1/Editor/Data/Tools/BuildPipeline/Unity.SourceGenerators/Unity.Properties.SourceGenerator.dll"
-analyzer:"/home/smugbab/Unity/Hub/Editor/6000.5.3f1/Editor/Data/Tools/BuildPipeline/Unity.SourceGenerators/Unity.SourceGenerators.dll"
-analyzer:"/home/smugbab/Unity/Hub/Editor/6000.5.3f1/Editor/Data/Tools/BuildPipeline/Unity.SourceGenerators/Unity.UIToolkit.SourceGenerator.dll"
"Assets/scripts/carmovement.cs"
"Assets/scripts/roadsys.cs"
"Assets/scripts/terrainsys.cs"
-langversion:9.0
/deterministic
/optimize+
/debug:portable
/nologo
/RuntimeMetadataVersion:v4.0.30319
/nowarn:0169
/nowarn:0649
/nowarn:0282
/nowarn:1701
/nowarn:1702
/utf8output
/preferreduilang:en-US
/additionalfile:"Library/Bee/artifacts/1300b0aE.dag/Assembly-CSharp.UnityAdditionalFile.txt"
##### Custom Environment Variables
DOTNET_HOST_PATH=/home/smugbab/Unity/Hub/Editor/6000.5.3f1/Editor/Data/DotNetSdk/dotnet
DOTNET_MULTILEVEL_LOOKUP=0
##### ExitCode
1
##### Output
Assets/scripts/carmovement.cs(2,24): error CS1002: ; expected
*** Tundra build failed (1.72 seconds), 2 items updated, 582 evaluated
## Script Compilation Error for: Csc Library/Bee/artifacts/1300b0aE.dag/Assembly-CSharp.dll (+2 others)
## CmdLine: "/home/smugbab/Unity/Hub/Editor/6000.5.3f1/Editor/Data/DotNetSdk/dotnet" exec "/home/smugbab/Unity/Hub/Editor/6000.5.3f1/Editor/Data/DotNetSdk/sdk/8.0.318/Roslyn/bincore/csc.dll" /nostdlib /noconfig /shared "@Library/Bee/artifacts/1300b0aE.dag/Assembly-CSharp.rsp" "@Library/Bee/artifacts/1300b0aE.dag/Assembly-CSharp.rsp2"
## Output:
Assets/scripts/carmovement.cs(2,24): error CS1002: ; expected

Assets/scripts/carmovement.cs(2,24): error CS1002: ; expected
AssetDatabase: script compilation time: 2.360018s
Total cache size 265526863
Total cache size after purge 265526863, took 00:00:00.1565324
[ScriptCompilation] Requested script compilation because: Exiting safe mode
info: Microsoft.AspNetCore.Hosting.Diagnostics[1]
      Request starting HTTP/2 POST http://ilpp/UnityILPP.PostProcessing/Ping - application/grpc -
info: Microsoft.AspNetCore.Routing.EndpointMiddleware[0]
      Executing endpoint 'gRPC - /UnityILPP.PostProcessing/Ping'
info: Microsoft.AspNetCore.Routing.EndpointMiddleware[1]
      Executed endpoint 'gRPC - /UnityILPP.PostProcessing/Ping'
info: Microsoft.AspNetCore.Hosting.Diagnostics[2]
      Request finished HTTP/2 POST http://ilpp/UnityILPP.PostProcessing/Ping - 200 - application/grpc 0.6225ms
Starting: /home/smugbab/Unity/Hub/Editor/6000.5.3f1/Editor/Data/Tools/BuildPipeline/bee_backend --ipc --defer-dag-verification --dagfile="Library/Bee/1300b0aE.dag" --continue-on-failure --profile="Library/Bee/backend1.traceevents" ScriptAssemblies
WorkingDir: /home/smugbab/Desktop/Projects/TabletGames
info: Microsoft.AspNetCore.Hosting.Diagnostics[1]
      Request starting HTTP/2 POST http://ilpp/UnityILPP.PostProcessing/ConfigurePostProcessors - application/grpc -
info: Microsoft.AspNetCore.Routing.EndpointMiddleware[0]
      Executing endpoint 'gRPC - /UnityILPP.PostProcessing/ConfigurePostProcessors'
info: Unity.ILPP.Runner.PostProcessingAssemblyLoadContext[0]
      Current configuration matches the requested one, skipping
info: Microsoft.AspNetCore.Routing.EndpointMiddleware[1]
      Executed endpoint 'gRPC - /UnityILPP.PostProcessing/ConfigurePostProcessors'
info: Microsoft.AspNetCore.Hosting.Diagnostics[2]
      Request finished HTTP/2 POST http://ilpp/UnityILPP.PostProcessing/ConfigurePostProcessors - 200 - application/grpc 0.9592ms
## Script Compilation Error for: Csc Library/Bee/artifacts/1300b0aE.dag/Assembly-CSharp.dll (+2 others)
## CmdLine: "/home/smugbab/Unity/Hub/Editor/6000.5.3f1/Editor/Data/DotNetSdk/dotnet" exec "/home/smugbab/Unity/Hub/Editor/6000.5.3f1/Editor/Data/DotNetSdk/sdk/8.0.318/Roslyn/bincore/csc.dll" /nostdlib /noconfig /shared "@Library/Bee/artifacts/1300b0aE.dag/Assembly-CSharp.rsp" "@Library/Bee/artifacts/1300b0aE.dag/Assembly-CSharp.rsp2"
## Output:
Assets/scripts/carmovement.cs(2,24): error CS1002: ; expected

ExitCode: 3 Duration: 0s154ms
[373/582    0s] CopyFiles Library/ScriptAssemblies/UnityEngine.TestRunner.pdb
[374/582    0s] CopyFiles Library/ScriptAssemblies/UnityEngine.TestRunner.dll
[375/582    0s] CopyFiles Library/ScriptAssemblies/Unity.Collections.CodeGen.pdb
[377/582    0s] CopyFiles Library/ScriptAssemblies/Unity.Burst.CodeGen.dll
[383/582    0s] CopyFiles Library/ScriptAssemblies/Unity.Collections.CodeGen.dll
[385/582    0s] CopyFiles Library/ScriptAssemblies/Unity.Burst.CodeGen.pdb
[390/582    0s] CopyFiles Library/ScriptAssemblies/UnityEditor.TestRunner.pdb
[398/582    0s] CopyFiles Library/ScriptAssemblies/UnityEditor.TestRunner.dll
[463/582    0s] ILPP-Configuration Library/ilpp-configuration.nevergeneratedoutput
[502/582    0s] CopyFiles Library/ScriptAssemblies/Unity.RenderPipelines.ShaderGraph.ShaderGraphLibrary.dll
[503/582    0s] CopyFiles Library/ScriptAssemblies/Unity.PerformanceTesting.dll
[504/582    0s] CopyFiles Library/ScriptAssemblies/Unity.SurfaceCache.Runtime.dll
[505/582    0s] CopyFiles Library/ScriptAssemblies/Unity.InternalAPIEngineBridge.RenderPipelines.Core.Runtime.Shared.dll
[506/582    0s] CopyFiles Library/ScriptAssemblies/Unity.RenderPipelines.Universal.Shaders.dll
[507/582    0s] CopyFiles Library/ScriptAssemblies/Unity.RenderPipeline.Universal.ShaderLibrary.dll
[508/582    0s] CopyFiles Library/ScriptAssemblies/Unity.RenderPipelines.Core.Runtime.Shared.dll
[509/582    0s] CopyFiles Library/ScriptAssemblies/Unity.InputSystem.ForUI.dll
[510/582    0s] CopyFiles Library/ScriptAssemblies/Unity.RenderPipelines.Core.ShaderLibrary.dll
[511/582    0s] CopyFiles Library/ScriptAssemblies/Unity.Mathematics.dll
[512/582    0s] CopyFiles Library/ScriptAssemblies/Unity.Multiplayer.Center.Common.dll
[513/582    0s] CopyFiles Library/ScriptAssemblies/Unity.PathTracing.Runtime.dll
[514/582    0s] CopyFiles Library/ScriptAssemblies/Unity.InputSystem.TestFramework.dll
[515/582    0s] CopyFiles Library/ScriptAssemblies/Unity.Searcher.Editor.pdb
[516/582    0s] CopyFiles Library/ScriptAssemblies/Unity.Multiplayer.Center.Common.pdb
[517/582    0s] CopyFiles Library/ScriptAssemblies/Unity.Burst.dll
[518/582    0s] CopyFiles Library/ScriptAssemblies/Unity.Burst.pdb
[519/582    0s] CopyFiles Library/ScriptAssemblies/Unity.Collections.dll
[520/582    0s] CopyFiles Library/ScriptAssemblies/Unity.RenderPipelines.Universal.2D.Runtime.dll
[521/582    0s] CopyFiles Library/ScriptAssemblies/Unity.PathTracing.Runtime.pdb
[522/582    0s] CopyFiles Library/ScriptAssemblies/Unity.RenderPipelines.Universal.Config.Runtime.dll
[523/582    0s] CopyFiles Library/ScriptAssemblies/Unity.RenderPipelines.Universal.Runtime.dll
[524/582    0s] CopyFiles Library/ScriptAssemblies/Unity.RenderPipelines.GPUDriven.Runtime.dll
[525/582    0s] CopyFiles Library/ScriptAssemblies/Unity.Burst.Editor.pdb
[526/582    0s] CopyFiles Library/ScriptAssemblies/Unity.UnifiedRayTracing.Runtime.pdb
[527/582    0s] CopyFiles Library/ScriptAssemblies/Unity.InputSystem.dll
[528/582    0s] CopyFiles Library/ScriptAssemblies/Unity.InputSystem.DocCodeSamples.pdb
[529/582    0s] CopyFiles Library/ScriptAssemblies/Unity.UnifiedRayTracing.Runtime.dll
[530/582    0s] CopyFiles Library/ScriptAssemblies/Unity.SurfaceCache.Runtime.pdb
[531/582    0s] CopyFiles Library/ScriptAssemblies/Unity.Searcher.Editor.dll
[532/582    0s] CopyFiles Library/ScriptAssemblies/Unity.InternalAPIEditorBridge.ShaderGraph.Editor.dll
[533/582    0s] CopyFiles Library/ScriptAssemblies/Unity.PerformanceTesting.Editor.dll
[534/582    0s] CopyFiles Library/ScriptAssemblies/Unity.Rendering.LightTransport.Editor.pdb
[535/582    0s] CopyFiles Library/ScriptAssemblies/Unity.PerformanceTesting.Editor.pdb
[536/582    0s] CopyFiles Library/ScriptAssemblies/Unity.ShaderGraph.Editor.pdb
[537/582    0s] CopyFiles Library/ScriptAssemblies/Unity.RenderPipelines.ShaderGraph.ShaderGraphLibrary.pdb
[538/582    0s] CopyFiles Library/ScriptAssemblies/Unity.InternalAPIEngineBridge.RenderPipelines.Core.Runtime.Shared.pdb
[539/582    0s] CopyFiles Library/ScriptAssemblies/Unity.Rendering.LightTransport.Editor.dll
[540/582    0s] CopyFiles Library/ScriptAssemblies/Unity.RenderPipelines.Core.Runtime.dll
[541/582    0s] CopyFiles Library/ScriptAssemblies/Unity.Multiplayer.Center.Editor.pdb
[542/582    0s] CopyFiles Library/ScriptAssemblies/Unity.InputSystem.pdb
[543/582    0s] CopyFiles Library/ScriptAssemblies/Unity.RenderPipelines.Universal.Config.Runtime.pdb
[544/582    0s] CopyFiles Library/ScriptAssemblies/Unity.RenderPipelines.Universal.Editor.pdb
[545/582    0s] CopyFiles Library/ScriptAssemblies/Unity.RenderPipelines.GPUDriven.Runtime.pdb
[546/582    0s] CopyFiles Library/ScriptAssemblies/Unity.RenderPipelines.Core.Runtime.Shared.pdb
[547/582    0s] CopyFiles Library/ScriptAssemblies/Unity.RenderPipelines.Core.Editor.pdb
[548/582    0s] CopyFiles Library/ScriptAssemblies/Unity.InputSystem.ForUI.pdb
[549/582    0s] CopyFiles Library/ScriptAssemblies/Unity.InternalAPIEditorBridge.ShaderGraph.Editor.pdb
[550/582    0s] CopyFiles Library/ScriptAssemblies/Unity.RenderPipelines.Core.Editor.Shared.dll
[551/582    0s] CopyFiles Library/ScriptAssemblies/Unity.PerformanceTesting.pdb
[552/582    0s] CopyFiles Library/ScriptAssemblies/Unity.RenderPipelines.Universal.Editor.dll
[553/582    0s] CopyFiles Library/ScriptAssemblies/Unity.RenderPipelines.Universal.Shaders.pdb
[554/582    0s] CopyFiles Library/ScriptAssemblies/Unity.Mathematics.pdb
[555/582    0s] CopyFiles Library/ScriptAssemblies/Unity.RenderPipelines.Core.Editor.Shared.pdb
[556/582    0s] CopyFiles Library/ScriptAssemblies/Unity.InternalAPIEngineBridge.RenderPipelines.Core.Editor.pdb
[557/582    0s] CopyFiles Library/ScriptAssemblies/Unity.PathTracing.Editor.dll
[558/582    0s] CopyFiles Library/ScriptAssemblies/Unity.RenderPipelines.Universal.Runtime.pdb
[559/582    0s] CopyFiles Library/ScriptAssemblies/Unity.RenderPipelines.Universal.2D.Editor.Overrides.pdb
[560/582    0s] CopyFiles Library/ScriptAssemblies/Unity.Collections.Editor.dll
[561/582    0s] CopyFiles Library/ScriptAssemblies/Unity.Multiplayer.Center.Editor.dll
[562/582    0s] CopyFiles Library/ScriptAssemblies/Unity.InputSystem.TestFramework.pdb
[563/582    0s] CopyFiles Library/ScriptAssemblies/Unity.Collections.Editor.pdb
[564/582    0s] CopyFiles Library/ScriptAssemblies/Unity.InputSystem.DocCodeSamples.dll
[565/582    0s] CopyFiles Library/ScriptAssemblies/Unity.RenderPipelines.Universal.2D.Runtime.pdb
[566/582    0s] CopyFiles Library/ScriptAssemblies/Unity.ShaderGraph.Utilities.pdb
[567/582    0s] CopyFiles Library/ScriptAssemblies/Unity.Collections.pdb
[568/582    0s] CopyFiles Library/ScriptAssemblies/Unity.RenderPipelines.Core.ShaderLibrary.pdb
[569/582    0s] CopyFiles Library/ScriptAssemblies/Unity.ShaderGraph.Utilities.dll
[570/582    0s] CopyFiles Library/ScriptAssemblies/Unity.InternalAPIEngineBridge.RenderPipelines.Core.Editor.dll
[571/582    0s] CopyFiles Library/ScriptAssemblies/Unity.RenderPipelines.Universal.2D.Editor.Overrides.dll
[572/582    0s] CopyFiles Library/ScriptAssemblies/Unity.PathTracing.Editor.pdb
[573/582    0s] CopyFiles Library/ScriptAssemblies/Unity.RenderPipeline.Universal.ShaderLibrary.pdb
[574/582    0s] CopyFiles Library/ScriptAssemblies/Unity.RenderPipelines.Core.Editor.dll
[575/582    0s] CopyFiles Library/ScriptAssemblies/Unity.RenderPipelines.Core.Runtime.pdb
[576/582    0s] CopyFiles Library/ScriptAssemblies/Unity.Burst.Editor.dll
[577/582    0s] CopyFiles Library/ScriptAssemblies/Unity.ShaderGraph.Editor.dll
[578/582    0s] Csc Library/Bee/artifacts/1300b0aE.dag/Assembly-CSharp.dll (+2 others)
##### CommandLine
"/home/smugbab/Unity/Hub/Editor/6000.5.3f1/Editor/Data/DotNetSdk/dotnet" exec "/home/smugbab/Unity/Hub/Editor/6000.5.3f1/Editor/Data/DotNetSdk/sdk/8.0.318/Roslyn/bincore/csc.dll" /nostdlib /noconfig /shared "@Library/Bee/artifacts/1300b0aE.dag/Assembly-CSharp.rsp" "@Library/Bee/artifacts/1300b0aE.dag/Assembly-CSharp.rsp2"
##### Contents of Library/Bee/artifacts/1300b0aE.dag/Assembly-CSharp.rsp
-target:library
-out:"Library/Bee/artifacts/1300b0aE.dag/Assembly-CSharp.dll"
-refout:"Library/Bee/artifacts/1300b0aE.dag/Assembly-CSharp.ref.dll"
-define:UNITY_6000_5_3
-define:UNITY_6000_5
-define:UNITY_6000
-define:UNITY_5_3_OR_NEWER
-define:UNITY_5_4_OR_NEWER
-define:UNITY_5_5_OR_NEWER
-define:UNITY_5_6_OR_NEWER
-define:UNITY_2017_1_OR_NEWER
-define:UNITY_2017_2_OR_NEWER
-define:UNITY_2017_3_OR_NEWER
-define:UNITY_2017_4_OR_NEWER
-define:UNITY_2018_1_OR_NEWER
-define:UNITY_2018_2_OR_NEWER
-define:UNITY_2018_3_OR_NEWER
-define:UNITY_2018_4_OR_NEWER
-define:UNITY_2019_1_OR_NEWER
-define:UNITY_2019_2_OR_NEWER
-define:UNITY_2019_3_OR_NEWER
-define:UNITY_2019_4_OR_NEWER
-define:UNITY_2020_1_OR_NEWER
-define:UNITY_2020_2_OR_NEWER
-define:UNITY_2020_3_OR_NEWER
-define:UNITY_2021_1_OR_NEWER
-define:UNITY_2021_2_OR_NEWER
-define:UNITY_2021_3_OR_NEWER
-define:UNITY_2022_1_OR_NEWER
-define:UNITY_2022_2_OR_NEWER
-define:UNITY_2022_3_OR_NEWER
-define:UNITY_2023_1_OR_NEWER
-define:UNITY_2023_2_OR_NEWER
-define:UNITY_2023_3_OR_NEWER
-define:UNITY_6000_0_OR_NEWER
-define:UNITY_6000_1_OR_NEWER
-define:UNITY_6000_2_OR_NEWER
-define:UNITY_6000_3_OR_NEWER
-define:UNITY_6000_4_OR_NEWER
-define:UNITY_6000_5_OR_NEWER
-define:UNITY_INCLUDE_TESTS
-define:ENABLE_AR
-define:ENABLE_AUDIO
-define:ENABLE_AUDIO_SCRIPTABLE_PIPELINE
-define:ENABLE_CACHING
-define:ENABLE_CLOTH
-define:ENABLE_EVENT_QUEUE
-define:ENABLE_MICROPHONE
-define:ENABLE_MULTIPLE_DISPLAYS
-define:ENABLE_PHYSICS
-define:ENABLE_TEXTURE_STREAMING
-define:ENABLE_LZMA
-define:ENABLE_UNITYEVENTS
-define:ENABLE_VR
-define:ENABLE_WEBCAM
-define:ENABLE_UNITYWEBREQUEST
-define:ENABLE_WWW
-define:ENABLE_CLOUD_SERVICES
-define:ENABLE_CLOUD_SERVICES_ADS
-define:ENABLE_CLOUD_SERVICES_USE_WEBREQUEST
-define:ENABLE_UNITY_CONSENT
-define:ENABLE_UNITY_CLOUD_IDENTIFIERS
-define:ENABLE_CLOUD_SERVICES_CRASH_REPORTING
-define:ENABLE_CLOUD_SERVICES_NATIVE_CRASH_REPORTING
-define:ENABLE_CLOUD_SERVICES_PURCHASING
-define:ENABLE_CLOUD_SERVICES_ANALYTICS
-define:ENABLE_CLOUD_SERVICES_BUILD
-define:ENABLE_EDITOR_GAME_SERVICES
-define:ENABLE_UNITY_GAME_SERVICES_ANALYTICS_SUPPORT
-define:ENABLE_CLOUD_LICENSE
-define:ENABLE_EDITOR_HUB_LICENSE
-define:ENABLE_WEBSOCKET_CLIENT
-define:ENABLE_GENERATE_NATIVE_PLUGINS_FOR_ASSEMBLIES_API
-define:ENABLE_DIRECTOR_AUDIO
-define:ENABLE_DIRECTOR_TEXTURE
-define:ENABLE_MANAGED_JOBS
-define:ENABLE_MANAGED_TRANSFORM_JOBS
-define:ENABLE_MANAGED_ANIMATION_JOBS
-define:ENABLE_MANAGED_AUDIO_JOBS
-define:ENABLE_ENGINE_CODE_STRIPPING
-define:ENABLE_ONSCREEN_KEYBOARD
-define:ENABLE_MANAGED_UNITYTLS
-define:INCLUDE_DYNAMIC_GI
-define:ENABLE_SCRIPTING_GC_WBARRIERS
-define:PLATFORM_SUPPORTS_MONO
-define:ENABLE_MARSHALLING_TESTS
-define:ENABLE_VIDEO
-define:ENABLE_NAVIGATION_OFFMESHLINK_TO_NAVMESHLINK
-define:ENABLE_ACCELERATOR_CLIENT_DEBUGGING
-define:ENABLE_ACCESSIBILITY_SCREEN_READER
-define:ENABLE_ACCESSIBILITY_SETTINGS
-define:TEXTCORE_1_0_OR_NEWER
-define:EDITOR_ONLY_NAVMESH_BUILDER_DEPRECATED
-define:PLATFORM_ANDROID
-define:UNITY_ANDROID
-define:UNITY_ANDROID_API
-define:ENABLE_EGL
-define:ENABLE_NETWORK
-define:ENABLE_RUNTIME_GI
-define:ENABLE_CRUNCH_TEXTURE_COMPRESSION
-define:ENABLE_CLOUD_SERVICES_ENGINE_DIAGNOSTICS
-define:ENABLE_FIREBASE_IDENTIFIERS
-define:UNITY_CAN_SHOW_SPLASH_SCREEN
-define:UNITY_HAS_GOOGLEVR
-define:UNITY_HAS_TANGO
-define:ENABLE_SPATIALTRACKING
-define:ENABLE_ETC_COMPRESSION
-define:PLATFORM_EXTENDS_VULKAN_DEVICE
-define:PLATFORM_HAS_MULTIPLE_SWAPCHAINS
-define:UNITY_ANDROID_SUPPORTS_SHADOWFILES
-define:PLATFORM_UPDATES_TIME_OUTSIDE_OF_PLAYER_LOOP
-define:PLATFORM_EXTENDS_VULKAN_PIPELINE_CACHE
-define:PLATFORM_SUPPORTS_SPLIT_GRAPHICS_JOBS
-define:PLATFORM_HAS_ADDITIONAL_API_CHECKS
-define:PLATFORM_HAS_GRAPHICS_JOBS_SUPPORT_CHECK_OVERRIDE
-define:PLATFORM_IMPLEMENTS_INSIGHTS_ANR
-define:PLATFORM_SUPPORTS_INSIGHTS_DEVICE_INFO
-define:ENABLE_ANDROID_ADVERTISING_IDS
-define:PLATFORM_HAS_BUGGY_MSAA_RESOLVE
-define:ENABLE_ANDROID_APP_SET_ID
-define:ENABLE_INSIGHTS_PLATFORM_SPECIFIC_RESOURCES
-define:PLATFORM_REQUIRES_TETHERED_VULKAN_COMMAND_POOL
-define:ENABLE_UNITYADS_RUNTIME
-define:UNITY_UNITYADS_API
-define:ENABLE_MONO
-define:NET_STANDARD_2_0
-define:NET_STANDARD
-define:NET_STANDARD_2_1
-define:NETSTANDARD
-define:NETSTANDARD2_1
-define:ENABLE_PROFILER
-define:DEBUG
-define:TRACE
-define:UNITY_ASSERTIONS
-define:UNITY_EDITOR
-define:UNITY_EDITOR_64
-define:UNITY_EDITOR_LINUX
-define:ENABLE_UNITY_COLLECTIONS_CHECKS
-define:ENABLE_BURST_AOT
-define:UNITY_TEAM_LICENSE
-define:ENABLE_CUSTOM_RENDER_TEXTURE
-define:ENABLE_DIRECTOR
-define:ENABLE_LOCALIZATION
-define:ENABLE_SPRITES
-define:ENABLE_TERRAIN
-define:ENABLE_TILEMAP
-define:ENABLE_TIMELINE
-define:ENABLE_INPUT_SYSTEM
-define:TEXTCORE_FONT_ENGINE_1_5_OR_NEWER
-define:TEXTCORE_TEXT_ENGINE_1_5_OR_NEWER
-define:TEXTCORE_FONT_ENGINE_1_6_OR_NEWER
-define:CSHARP_7_OR_LATER
-define:CSHARP_7_3_OR_NEWER
-r:"/home/smugbab/Unity/Hub/Editor/6000.5.3f1/Editor/Data/BCLExtensions/TargetingPacks/netstandard2.1/ref/Microsoft.Bcl.AsyncInterfaces.dll"
-r:"/home/smugbab/Unity/Hub/Editor/6000.5.3f1/Editor/Data/BCLExtensions/TargetingPacks/netstandard2.1/ref/Microsoft.Extensions.DependencyInjection.Abstractions.dll"
-r:"/home/smugbab/Unity/Hub/Editor/6000.5.3f1/Editor/Data/BCLExtensions/TargetingPacks/netstandard2.1/ref/Microsoft.Extensions.Logging.Abstractions.dll"
-r:"/home/smugbab/Unity/Hub/Editor/6000.5.3f1/Editor/Data/BCLExtensions/TargetingPacks/netstandard2.1/ref/System.Collections.Immutable.dll"
-r:"/home/smugbab/Unity/Hub/Editor/6000.5.3f1/Editor/Data/BCLExtensions/TargetingPacks/netstandard2.1/ref/System.Diagnostics.DiagnosticSource.dll"
-r:"/home/smugbab/Unity/Hub/Editor/6000.5.3f1/Editor/Data/BCLExtensions/TargetingPacks/netstandard2.1/ref/System.IO.Hashing.dll"
-r:"/home/smugbab/Unity/Hub/Editor/6000.5.3f1/Editor/Data/BCLExtensions/TargetingPacks/netstandard2.1/ref/System.Reflection.Metadata.dll"
-r:"/home/smugbab/Unity/Hub/Editor/6000.5.3f1/Editor/Data/BCLExtensions/TargetingPacks/netstandard2.1/ref/System.Runtime.CompilerServices.Unsafe.dll"
-r:"/home/smugbab/Unity/Hub/Editor/6000.5.3f1/Editor/Data/BCLExtensions/TargetingPacks/netstandard2.1/ref/System.Text.Encodings.Web.dll"
-r:"/home/smugbab/Unity/Hub/Editor/6000.5.3f1/Editor/Data/BCLExtensions/TargetingPacks/netstandard2.1/ref/System.Text.Json.dll"
-r:"/home/smugbab/Unity/Hub/Editor/6000.5.3f1/Editor/Data/Managed/UnityEngine/Unity.Scripting.dll"
-r:"/home/smugbab/Unity/Hub/Editor/6000.5.3f1/Editor/Data/Managed/UnityEngine/UnityEditor.AIModule.dll"
-r:"/home/smugbab/Unity/Hub/Editor/6000.5.3f1/Editor/Data/Managed/UnityEngine/UnityEditor.AccessibilityModule.dll"
-r:"/home/smugbab/Unity/Hub/Editor/6000.5.3f1/Editor/Data/Managed/UnityEngine/UnityEditor.AdaptivePerformanceModule.dll"
-r:"/home/smugbab/Unity/Hub/Editor/6000.5.3f1/Editor/Data/Managed/UnityEngine/UnityEditor.AssetComplianceModule.dll"
-r:"/home/smugbab/Unity/Hub/Editor/6000.5.3f1/Editor/Data/Managed/UnityEngine/UnityEditor.BuildProfileModule.dll"
-r:"/home/smugbab/Unity/Hub/Editor/6000.5.3f1/Editor/Data/Managed/UnityEngine/UnityEditor.ClothModule.dll"
-r:"/home/smugbab/Unity/Hub/Editor/6000.5.3f1/Editor/Data/Managed/UnityEngine/UnityEditor.ContentLoadModule.dll"
-r:"/home/smugbab/Unity/Hub/Editor/6000.5.3f1/Editor/Data/Managed/UnityEngine/UnityEditor.CoreBusinessMetricsModule.dll"
-r:"/home/smugbab/Unity/Hub/Editor/6000.5.3f1/Editor/Data/Managed/UnityEngine/UnityEditor.CoreModule.dll"
-r:"/home/smugbab/Unity/Hub/Editor/6000.5.3f1/Editor/Data/Managed/UnityEngine/UnityEditor.DeviceSimulatorModule.dll"
-r:"/home/smugbab/Unity/Hub/Editor/6000.5.3f1/Editor/Data/Managed/UnityEngine/UnityEditor.DiagnosticsModule.dll"
-r:"/home/smugbab/Unity/Hub/Editor/6000.5.3f1/Editor/Data/Managed/UnityEngine/UnityEditor.EditorToolbarModule.dll"
-r:"/home/smugbab/Unity/Hub/Editor/6000.5.3f1/Editor/Data/Managed/UnityEngine/UnityEditor.EmbreeModule.dll"
-r:"/home/smugbab/Unity/Hub/Editor/6000.5.3f1/Editor/Data/Managed/UnityEngine/UnityEditor.GIModule.dll"
-r:"/home/smugbab/Unity/Hub/Editor/6000.5.3f1/Editor/Data/Managed/UnityEngine/UnityEditor.GenericRemoteModule.dll"
-r:"/home/smugbab/Unity/Hub/Editor/6000.5.3f1/Editor/Data/Managed/UnityEngine/UnityEditor.GraphToolkitModule.dll"
-r:"/home/smugbab/Unity/Hub/Editor/6000.5.3f1/Editor/Data/Managed/UnityEngine/UnityEditor.GraphViewModule.dll"
-r:"/home/smugbab/Unity/Hub/Editor/6000.5.3f1/Editor/Data/Managed/UnityEngine/UnityEditor.GraphicsStateCollectionSerializerModule.dll"
-r:"/home/smugbab/Unity/Hub/Editor/6000.5.3f1/Editor/Data/Managed/UnityEngine/UnityEditor.GridAndSnapModule.dll"
-r:"/home/smugbab/Unity/Hub/Editor/6000.5.3f1/Editor/Data/Managed/UnityEngine/UnityEditor.GridModule.dll"
-r:"/home/smugbab/Unity/Hub/Editor/6000.5.3f1/Editor/Data/Managed/UnityEngine/UnityEditor.HierarchyModule.dll"
-r:"/home/smugbab/Unity/Hub/Editor/6000.5.3f1/Editor/Data/Managed/UnityEngine/UnityEditor.LightingModule.dll"
-r:"/home/smugbab/Unity/Hub/Editor/6000.5.3f1/Editor/Data/Managed/UnityEngine/UnityEditor.MathematicsModule.dll"
-r:"/home/smugbab/Unity/Hub/Editor/6000.5.3f1/Editor/Data/Managed/UnityEngine/UnityEditor.MediaModule.dll"
-r:"/home/smugbab/Unity/Hub/Editor/6000.5.3f1/Editor/Data/Managed/UnityEngine/UnityEditor.MultiplayerModule.dll"
-r:"/home/smugbab/Unity/Hub/Editor/6000.5.3f1/Editor/Data/Managed/UnityEngine/UnityEditor.Physics2DModule.dll"
-r:"/home/smugbab/Unity/Hub/Editor/6000.5.3f1/Editor/Data/Managed/UnityEngine/UnityEditor.PhysicsCore2DModule.dll"
-r:"/home/smugbab/Unity/Hub/Editor/6000.5.3f1/Editor/Data/Managed/UnityEngine/UnityEditor.PhysicsModule.dll"
-r:"/home/smugbab/Unity/Hub/Editor/6000.5.3f1/Editor/Data/Managed/UnityEngine/UnityEditor.PlayModeModule.dll"
-r:"/home/smugbab/Unity/Hub/Editor/6000.5.3f1/Editor/Data/Managed/UnityEngine/UnityEditor.PresetsUIModule.dll"
-r:"/home/smugbab/Unity/Hub/Editor/6000.5.3f1/Editor/Data/Managed/UnityEngine/UnityEditor.ProjectAuditorModule.dll"
-r:"/home/smugbab/Unity/Hub/Editor/6000.5.3f1/Editor/Data/Managed/UnityEngine/UnityEditor.PropertiesModule.dll"
-r:"/home/smugbab/Unity/Hub/Editor/6000.5.3f1/Editor/Data/Managed/UnityEngine/UnityEditor.QuickInstallModule.dll"
-r:"/home/smugbab/Unity/Hub/Editor/6000.5.3f1/Editor/Data/Managed/UnityEngine/UnityEditor.QuickSearchModule.dll"
-r:"/home/smugbab/Unity/Hub/Editor/6000.5.3f1/Editor/Data/Managed/UnityEngine/UnityEditor.SafeModeModule.dll"
-r:"/home/smugbab/Unity/Hub/Editor/6000.5.3f1/Editor/Data/Managed/UnityEngine/UnityEditor.SceneTemplateModule.dll"
-r:"/home/smugbab/Unity/Hub/Editor/6000.5.3f1/Editor/Data/Managed/UnityEngine/UnityEditor.SceneViewModule.dll"
-r:"/home/smugbab/Unity/Hub/Editor/6000.5.3f1/Editor/Data/Managed/UnityEngine/UnityEditor.ShaderBuildSettingsModule.dll"
-r:"/home/smugbab/Unity/Hub/Editor/6000.5.3f1/Editor/Data/Managed/UnityEngine/UnityEditor.ShaderCompilationModule.dll"
-r:"/home/smugbab/Unity/Hub/Editor/6000.5.3f1/Editor/Data/Managed/UnityEngine/UnityEditor.ShaderFoundryModule.dll"
-r:"/home/smugbab/Unity/Hub/Editor/6000.5.3f1/Editor/Data/Managed/UnityEngine/UnityEditor.SketchUpModule.dll"
-r:"/home/smugbab/Unity/Hub/Editor/6000.5.3f1/Editor/Data/Managed/UnityEngine/UnityEditor.SpriteMaskModule.dll"
-r:"/home/smugbab/Unity/Hub/Editor/6000.5.3f1/Editor/Data/Managed/UnityEngine/UnityEditor.SpriteShapeModule.dll"
-r:"/home/smugbab/Unity/Hub/Editor/6000.5.3f1/Editor/Data/Managed/UnityEngine/UnityEditor.SubstanceModule.dll"
-r:"/home/smugbab/Unity/Hub/Editor/6000.5.3f1/Editor/Data/Managed/UnityEngine/UnityEditor.TerrainModule.dll"
-r:"/home/smugbab/Unity/Hub/Editor/6000.5.3f1/Editor/Data/Managed/UnityEngine/UnityEditor.TextCoreFontEngineModule.dll"
-r:"/home/smugbab/Unity/Hub/Editor/6000.5.3f1/Editor/Data/Managed/UnityEngine/UnityEditor.TextCoreTextEngineModule.dll"
-r:"/home/smugbab/Unity/Hub/Editor/6000.5.3f1/Editor/Data/Managed/UnityEngine/UnityEditor.TextRenderingModule.dll"
-r:"/home/smugbab/Unity/Hub/Editor/6000.5.3f1/Editor/Data/Managed/UnityEngine/UnityEditor.TilemapModule.dll"
-r:"/home/smugbab/Unity/Hub/Editor/6000.5.3f1/Editor/Data/Managed/UnityEngine/UnityEditor.TreeModule.dll"
-r:"/home/smugbab/Unity/Hub/Editor/6000.5.3f1/Editor/Data/Managed/UnityEngine/UnityEditor.U2DModule.dll"
-r:"/home/smugbab/Unity/Hub/Editor/6000.5.3f1/Editor/Data/Managed/UnityEngine/UnityEditor.UIAutomationModule.dll"
-r:"/home/smugbab/Unity/Hub/Editor/6000.5.3f1/Editor/Data/Managed/UnityEngine/UnityEditor.UIBuilderModule.dll"
-r:"/home/smugbab/Unity/Hub/Editor/6000.5.3f1/Editor/Data/Managed/UnityEngine/UnityEditor.UIElementsModule.dll"
-r:"/home/smugbab/Unity/Hub/Editor/6000.5.3f1/Editor/Data/Managed/UnityEngine/UnityEditor.UIElementsSamplesModule.dll"
-r:"/home/smugbab/Unity/Hub/Editor/6000.5.3f1/Editor/Data/Managed/UnityEngine/UnityEditor.UIToolkitAuthoringModule.dll"
-r:"/home/smugbab/Unity/Hub/Editor/6000.5.3f1/Editor/Data/Managed/UnityEngine/UnityEditor.UmbraModule.dll"
-r:"/home/smugbab/Unity/Hub/Editor/6000.5.3f1/Editor/Data/Managed/UnityEngine/UnityEditor.UnityConnectModule.dll"
-r:"/home/smugbab/Unity/Hub/Editor/6000.5.3f1/Editor/Data/Managed/UnityEngine/UnityEditor.VFXModule.dll"
-r:"/home/smugbab/Unity/Hub/Editor/6000.5.3f1/Editor/Data/Managed/UnityEngine/UnityEditor.VectorGraphicsModule.dll"
-r:"/home/smugbab/Unity/Hub/Editor/6000.5.3f1/Editor/Data/Managed/UnityEngine/UnityEditor.VideoModule.dll"
-r:"/home/smugbab/Unity/Hub/Editor/6000.5.3f1/Editor/Data/Managed/UnityEngine/UnityEditor.XRModule.dll"
-r:"/home/smugbab/Unity/Hub/Editor/6000.5.3f1/Editor/Data/Managed/UnityEngine/UnityEditor.dll"
-r:"/home/smugbab/Unity/Hub/Editor/6000.5.3f1/Editor/Data/Managed/UnityEngine/UnityEngine.AIModule.dll"
-r:"/home/smugbab/Unity/Hub/Editor/6000.5.3f1/Editor/Data/Managed/UnityEngine/UnityEngine.ARModule.dll"
-r:"/home/smugbab/Unity/Hub/Editor/6000.5.3f1/Editor/Data/Managed/UnityEngine/UnityEngine.AccessibilityModule.dll"
-r:"/home/smugbab/Unity/Hub/Editor/6000.5.3f1/Editor/Data/Managed/UnityEngine/UnityEngine.AdaptivePerformanceModule.dll"
-r:"/home/smugbab/Unity/Hub/Editor/6000.5.3f1/Editor/Data/Managed/UnityEngine/UnityEngine.AndroidJNIModule.dll"
-r:"/home/smugbab/Unity/Hub/Editor/6000.5.3f1/Editor/Data/Managed/UnityEngine/UnityEngine.AnimationModule.dll"
-r:"/home/smugbab/Unity/Hub/Editor/6000.5.3f1/Editor/Data/Managed/UnityEngine/UnityEngine.AssetBundleModule.dll"
-r:"/home/smugbab/Unity/Hub/Editor/6000.5.3f1/Editor/Data/Managed/UnityEngine/UnityEngine.AudioModule.dll"
-r:"/home/smugbab/Unity/Hub/Editor/6000.5.3f1/Editor/Data/Managed/UnityEngine/UnityEngine.ClothModule.dll"
-r:"/home/smugbab/Unity/Hub/Editor/6000.5.3f1/Editor/Data/Managed/UnityEngine/UnityEngine.ContentLoadModule.dll"
-r:"/home/smugbab/Unity/Hub/Editor/6000.5.3f1/Editor/Data/Managed/UnityEngine/UnityEngine.CoreModule.dll"
-r:"/home/smugbab/Unity/Hub/Editor/6000.5.3f1/Editor/Data/Managed/UnityEngine/UnityEngine.CrashReportingModule.dll"
-r:"/home/smugbab/Unity/Hub/Editor/6000.5.3f1/Editor/Data/Managed/UnityEngine/UnityEngine.DSPGraphModule.dll"
-r:"/home/smugbab/Unity/Hub/Editor/6000.5.3f1/Editor/Data/Managed/UnityEngine/UnityEngine.DirectorModule.dll"
-r:"/home/smugbab/Unity/Hub/Editor/6000.5.3f1/Editor/Data/Managed/UnityEngine/UnityEngine.GIModule.dll"
-r:"/home/smugbab/Unity/Hub/Editor/6000.5.3f1/Editor/Data/Managed/UnityEngine/UnityEngine.GameCenterModule.dll"
-r:"/home/smugbab/Unity/Hub/Editor/6000.5.3f1/Editor/Data/Managed/UnityEngine/UnityEngine.GraphicsStateCollectionSerializerModule.dll"
-r:"/home/smugbab/Unity/Hub/Editor/6000.5.3f1/Editor/Data/Managed/UnityEngine/UnityEngine.GridModule.dll"
-r:"/home/smugbab/Unity/Hub/Editor/6000.5.3f1/Editor/Data/Managed/UnityEngine/UnityEngine.HierarchyCoreModule.dll"
-r:"/home/smugbab/Unity/Hub/Editor/6000.5.3f1/Editor/Data/Managed/UnityEngine/UnityEngine.HotReloadModule.dll"
-r:"/home/smugbab/Unity/Hub/Editor/6000.5.3f1/Editor/Data/Managed/UnityEngine/UnityEngine.IMGUIModule.dll"
-r:"/home/smugbab/Unity/Hub/Editor/6000.5.3f1/Editor/Data/Managed/UnityEngine/UnityEngine.IdentifiersModule.dll"
-r:"/home/smugbab/Unity/Hub/Editor/6000.5.3f1/Editor/Data/Managed/UnityEngine/UnityEngine.ImageConversionModule.dll"
-r:"/home/smugbab/Unity/Hub/Editor/6000.5.3f1/Editor/Data/Managed/UnityEngine/UnityEngine.InputForUIModule.dll"
-r:"/home/smugbab/Unity/Hub/Editor/6000.5.3f1/Editor/Data/Managed/UnityEngine/UnityEngine.InputLegacyModule.dll"
-r:"/home/smugbab/Unity/Hub/Editor/6000.5.3f1/Editor/Data/Managed/UnityEngine/UnityEngine.InputModule.dll"
-r:"/home/smugbab/Unity/Hub/Editor/6000.5.3f1/Editor/Data/Managed/UnityEngine/UnityEngine.InsightsModule.dll"
-r:"/home/smugbab/Unity/Hub/Editor/6000.5.3f1/Editor/Data/Managed/UnityEngine/UnityEngine.JSONSerializeModule.dll"
-r:"/home/smugbab/Unity/Hub/Editor/6000.5.3f1/Editor/Data/Managed/UnityEngine/UnityEngine.LocalizationModule.dll"
-r:"/home/smugbab/Unity/Hub/Editor/6000.5.3f1/Editor/Data/Managed/UnityEngine/UnityEngine.MarshallingModule.dll"
-r:"/home/smugbab/Unity/Hub/Editor/6000.5.3f1/Editor/Data/Managed/UnityEngine/UnityEngine.MathematicsModule.dll"
-r:"/home/smugbab/Unity/Hub/Editor/6000.5.3f1/Editor/Data/Managed/UnityEngine/UnityEngine.MultiplayerModule.dll"
-r:"/home/smugbab/Unity/Hub/Editor/6000.5.3f1/Editor/Data/Managed/UnityEngine/UnityEngine.ParticleSystemModule.dll"
-r:"/home/smugbab/Unity/Hub/Editor/6000.5.3f1/Editor/Data/Managed/UnityEngine/UnityEngine.PerformanceReportingModule.dll"
-r:"/home/smugbab/Unity/Hub/Editor/6000.5.3f1/Editor/Data/Managed/UnityEngine/UnityEngine.Physics2DModule.dll"
-r:"/home/smugbab/Unity/Hub/Editor/6000.5.3f1/Editor/Data/Managed/UnityEngine/UnityEngine.PhysicsBackendPhysXModule.dll"
-r:"/home/smugbab/Unity/Hub/Editor/6000.5.3f1/Editor/Data/Managed/UnityEngine/UnityEngine.PhysicsCore2DModule.dll"
-r:"/home/smugbab/Unity/Hub/Editor/6000.5.3f1/Editor/Data/Managed/UnityEngine/UnityEngine.PhysicsModule.dll"
-r:"/home/smugbab/Unity/Hub/Editor/6000.5.3f1/Editor/Data/Managed/UnityEngine/UnityEngine.PropertiesModule.dll"
-r:"/home/smugbab/Unity/Hub/Editor/6000.5.3f1/Editor/Data/Managed/UnityEngine/UnityEngine.RenderAs2DModule.dll"
-r:"/home/smugbab/Unity/Hub/Editor/6000.5.3f1/Editor/Data/Managed/UnityEngine/UnityEngine.RuntimeInitializeOnLoadManagerInitializerModule.dll"
-r:"/home/smugbab/Unity/Hub/Editor/6000.5.3f1/Editor/Data/Managed/UnityEngine/UnityEngine.ScreenCaptureModule.dll"
-r:"/home/smugbab/Unity/Hub/Editor/6000.5.3f1/Editor/Data/Managed/UnityEngine/UnityEngine.ScriptingModule.dll"
-r:"/home/smugbab/Unity/Hub/Editor/6000.5.3f1/Editor/Data/Managed/UnityEngine/UnityEngine.ShaderVariantAnalyticsModule.dll"
-r:"/home/smugbab/Unity/Hub/Editor/6000.5.3f1/Editor/Data/Managed/UnityEngine/UnityEngine.SharedInternalsModule.dll"
-r:"/home/smugbab/Unity/Hub/Editor/6000.5.3f1/Editor/Data/Managed/UnityEngine/UnityEngine.SpriteMaskModule.dll"
-r:"/home/smugbab/Unity/Hub/Editor/6000.5.3f1/Editor/Data/Managed/UnityEngine/UnityEngine.SpriteShapeModule.dll"
-r:"/home/smugbab/Unity/Hub/Editor/6000.5.3f1/Editor/Data/Managed/UnityEngine/UnityEngine.StreamingModule.dll"
-r:"/home/smugbab/Unity/Hub/Editor/6000.5.3f1/Editor/Data/Managed/UnityEngine/UnityEngine.SubstanceModule.dll"
-r:"/home/smugbab/Unity/Hub/Editor/6000.5.3f1/Editor/Data/Managed/UnityEngine/UnityEngine.SubsystemsModule.dll"
-r:"/home/smugbab/Unity/Hub/Editor/6000.5.3f1/Editor/Data/Managed/UnityEngine/UnityEngine.TLSModule.dll"
-r:"/home/smugbab/Unity/Hub/Editor/6000.5.3f1/Editor/Data/Managed/UnityEngine/UnityEngine.TerrainModule.dll"
-r:"/home/smugbab/Unity/Hub/Editor/6000.5.3f1/Editor/Data/Managed/UnityEngine/UnityEngine.TerrainPhysicsModule.dll"
-r:"/home/smugbab/Unity/Hub/Editor/6000.5.3f1/Editor/Data/Managed/UnityEngine/UnityEngine.TextCoreFontEngineModule.dll"
-r:"/home/smugbab/Unity/Hub/Editor/6000.5.3f1/Editor/Data/Managed/UnityEngine/UnityEngine.TextCoreTextEngineModule.dll"
-r:"/home/smugbab/Unity/Hub/Editor/6000.5.3f1/Editor/Data/Managed/UnityEngine/UnityEngine.TextRenderingModule.dll"
-r:"/home/smugbab/Unity/Hub/Editor/6000.5.3f1/Editor/Data/Managed/UnityEngine/UnityEngine.TilemapModule.dll"
-r:"/home/smugbab/Unity/Hub/Editor/6000.5.3f1/Editor/Data/Managed/UnityEngine/UnityEngine.U2DRuntimeModule.dll"
-r:"/home/smugbab/Unity/Hub/Editor/6000.5.3f1/Editor/Data/Managed/UnityEngine/UnityEngine.UIElementsModule.dll"
-r:"/home/smugbab/Unity/Hub/Editor/6000.5.3f1/Editor/Data/Managed/UnityEngine/UnityEngine.UIModule.dll"
-r:"/home/smugbab/Unity/Hub/Editor/6000.5.3f1/Editor/Data/Managed/UnityEngine/UnityEngine.UmbraModule.dll"
-r:"/home/smugbab/Unity/Hub/Editor/6000.5.3f1/Editor/Data/Managed/UnityEngine/UnityEngine.UnityAnalyticsCommonModule.dll"
-r:"/home/smugbab/Unity/Hub/Editor/6000.5.3f1/Editor/Data/Managed/UnityEngine/UnityEngine.UnityAnalyticsModule.dll"
-r:"/home/smugbab/Unity/Hub/Editor/6000.5.3f1/Editor/Data/Managed/UnityEngine/UnityEngine.UnityConnectModule.dll"
-r:"/home/smugbab/Unity/Hub/Editor/6000.5.3f1/Editor/Data/Managed/UnityEngine/UnityEngine.UnityConsentModule.dll"
-r:"/home/smugbab/Unity/Hub/Editor/6000.5.3f1/Editor/Data/Managed/UnityEngine/UnityEngine.UnityCurlModule.dll"
-r:"/home/smugbab/Unity/Hub/Editor/6000.5.3f1/Editor/Data/Managed/UnityEngine/UnityEngine.UnityWebRequestAssetBundleModule.dll"
-r:"/home/smugbab/Unity/Hub/Editor/6000.5.3f1/Editor/Data/Managed/UnityEngine/UnityEngine.UnityWebRequestAudioModule.dll"
-r:"/home/smugbab/Unity/Hub/Editor/6000.5.3f1/Editor/Data/Managed/UnityEngine/UnityEngine.UnityWebRequestModule.dll"
-r:"/home/smugbab/Unity/Hub/Editor/6000.5.3f1/Editor/Data/Managed/UnityEngine/UnityEngine.UnityWebRequestTextureModule.dll"
-r:"/home/smugbab/Unity/Hub/Editor/6000.5.3f1/Editor/Data/Managed/UnityEngine/UnityEngine.UnityWebRequestWWWModule.dll"
-r:"/home/smugbab/Unity/Hub/Editor/6000.5.3f1/Editor/Data/Managed/UnityEngine/UnityEngine.VFXModule.dll"
-r:"/home/smugbab/Unity/Hub/Editor/6000.5.3f1/Editor/Data/Managed/UnityEngine/UnityEngine.VectorGraphicsModule.dll"
-r:"/home/smugbab/Unity/Hub/Editor/6000.5.3f1/Editor/Data/Managed/UnityEngine/UnityEngine.VehiclesModule.dll"
-r:"/home/smugbab/Unity/Hub/Editor/6000.5.3f1/Editor/Data/Managed/UnityEngine/UnityEngine.VideoModule.dll"
-r:"/home/smugbab/Unity/Hub/Editor/6000.5.3f1/Editor/Data/Managed/UnityEngine/UnityEngine.WindModule.dll"
-r:"/home/smugbab/Unity/Hub/Editor/6000.5.3f1/Editor/Data/Managed/UnityEngine/UnityEngine.XRModule.dll"
-r:"/home/smugbab/Unity/Hub/Editor/6000.5.3f1/Editor/Data/Managed/UnityEngine/UnityEngine.dll"
-r:"/home/smugbab/Unity/Hub/Editor/6000.5.3f1/Editor/Data/NetStandard/Extensions/2.0.0/System.Runtime.InteropServices.WindowsRuntime.dll"
-r:"/home/smugbab/Unity/Hub/Editor/6000.5.3f1/Editor/Data/NetStandard/compat/2.1.0/shims/netfx/System.ComponentModel.Composition.dll"
-r:"/home/smugbab/Unity/Hub/Editor/6000.5.3f1/Editor/Data/NetStandard/compat/2.1.0/shims/netfx/System.Core.dll"
-r:"/home/smugbab/Unity/Hub/Editor/6000.5.3f1/Editor/Data/NetStandard/compat/2.1.0/shims/netfx/System.Data.dll"
-r:"/home/smugbab/Unity/Hub/Editor/6000.5.3f1/Editor/Data/NetStandard/compat/2.1.0/shims/netfx/System.Drawing.dll"
-r:"/home/smugbab/Unity/Hub/Editor/6000.5.3f1/Editor/Data/NetStandard/compat/2.1.0/shims/netfx/System.IO.Compression.FileSystem.dll"
-r:"/home/smugbab/Unity/Hub/Editor/6000.5.3f1/Editor/Data/NetStandard/compat/2.1.0/shims/netfx/System.Net.dll"
-r:"/home/smugbab/Unity/Hub/Editor/6000.5.3f1/Editor/Data/NetStandard/compat/2.1.0/shims/netfx/System.Numerics.dll"
-r:"/home/smugbab/Unity/Hub/Editor/6000.5.3f1/Editor/Data/NetStandard/compat/2.1.0/shims/netfx/System.Runtime.Serialization.dll"
-r:"/home/smugbab/Unity/Hub/Editor/6000.5.3f1/Editor/Data/NetStandard/compat/2.1.0/shims/netfx/System.ServiceModel.Web.dll"
-r:"/home/smugbab/Unity/Hub/Editor/6000.5.3f1/Editor/Data/NetStandard/compat/2.1.0/shims/netfx/System.Transactions.dll"
-r:"/home/smugbab/Unity/Hub/Editor/6000.5.3f1/Editor/Data/NetStandard/compat/2.1.0/shims/netfx/System.Web.dll"
-r:"/home/smugbab/Unity/Hub/Editor/6000.5.3f1/Editor/Data/NetStandard/compat/2.1.0/shims/netfx/System.Windows.dll"
-r:"/home/smugbab/Unity/Hub/Editor/6000.5.3f1/Editor/Data/NetStandard/compat/2.1.0/shims/netfx/System.Xml.Linq.dll"
-r:"/home/smugbab/Unity/Hub/Editor/6000.5.3f1/Editor/Data/NetStandard/compat/2.1.0/shims/netfx/System.Xml.Serialization.dll"
-r:"/home/smugbab/Unity/Hub/Editor/6000.5.3f1/Editor/Data/NetStandard/compat/2.1.0/shims/netfx/System.Xml.dll"
-r:"/home/smugbab/Unity/Hub/Editor/6000.5.3f1/Editor/Data/NetStandard/compat/2.1.0/shims/netfx/System.dll"
-r:"/home/smugbab/Unity/Hub/Editor/6000.5.3f1/Editor/Data/NetStandard/compat/2.1.0/shims/netfx/mscorlib.dll"
-r:"/home/smugbab/Unity/Hub/Editor/6000.5.3f1/Editor/Data/NetStandard/compat/2.1.0/shims/netstandard/Microsoft.Win32.Primitives.dll"
-r:"/home/smugbab/Unity/Hub/Editor/6000.5.3f1/Editor/Data/NetStandard/compat/2.1.0/shims/netstandard/System.AppContext.dll"
-r:"/home/smugbab/Unity/Hub/Editor/6000.5.3f1/Editor/Data/NetStandard/compat/2.1.0/shims/netstandard/System.Buffers.dll"
-r:"/home/smugbab/Unity/Hub/Editor/6000.5.3f1/Editor/Data/NetStandard/compat/2.1.0/shims/netstandard/System.Collections.Concurrent.dll"
-r:"/home/smugbab/Unity/Hub/Editor/6000.5.3f1/Editor/Data/NetStandard/compat/2.1.0/shims/netstandard/System.Collections.NonGeneric.dll"
-r:"/home/smugbab/Unity/Hub/Editor/6000.5.3f1/Editor/Data/NetStandard/compat/2.1.0/shims/netstandard/System.Collections.Specialized.dll"
-r:"/home/smugbab/Unity/Hub/Editor/6000.5.3f1/Editor/Data/NetStandard/compat/2.1.0/shims/netstandard/System.Collections.dll"
-r:"/home/smugbab/Unity/Hub/Editor/6000.5.3f1/Editor/Data/NetStandard/compat/2.1.0/shims/netstandard/System.ComponentModel.EventBasedAsync.dll"
-r:"/home/smugbab/Unity/Hub/Editor/6000.5.3f1/Editor/Data/NetStandard/compat/2.1.0/shims/netstandard/System.ComponentModel.Primitives.dll"
-r:"/home/smugbab/Unity/Hub/Editor/6000.5.3f1/Editor/Data/NetStandard/compat/2.1.0/shims/netstandard/System.ComponentModel.TypeConverter.dll"
-r:"/home/smugbab/Unity/Hub/Editor/6000.5.3f1/Editor/Data/NetStandard/compat/2.1.0/shims/netstandard/System.ComponentModel.dll"
-r:"/home/smugbab/Unity/Hub/Editor/6000.5.3f1/Editor/Data/NetStandard/compat/2.1.0/shims/netstandard/System.Console.dll"
-r:"/home/smugbab/Unity/Hub/Editor/6000.5.3f1/Editor/Data/NetStandard/compat/2.1.0/shims/netstandard/System.Data.Common.dll"
-r:"/home/smugbab/Unity/Hub/Editor/6000.5.3f1/Editor/Data/NetStandard/compat/2.1.0/shims/netstandard/System.Diagnostics.Contracts.dll"
-r:"/home/smugbab/Unity/Hub/Editor/6000.5.3f1/Editor/Data/NetStandard/compat/2.1.0/shims/netstandard/System.Diagnostics.Debug.dll"
-r:"/home/smugbab/Unity/Hub/Editor/6000.5.3f1/Editor/Data/NetStandard/compat/2.1.0/shims/netstandard/System.Diagnostics.FileVersionInfo.dll"
-r:"/home/smugbab/Unity/Hub/Editor/6000.5.3f1/Editor/Data/NetStandard/compat/2.1.0/shims/netstandard/System.Diagnostics.Process.dll"
-r:"/home/smugbab/Unity/Hub/Editor/6000.5.3f1/Editor/Data/NetStandard/compat/2.1.0/shims/netstandard/System.Diagnostics.StackTrace.dll"
-r:"/home/smugbab/Unity/Hub/Editor/6000.5.3f1/Editor/Data/NetStandard/compat/2.1.0/shims/netstandard/System.Diagnostics.TextWriterTraceListener.dll"
-r:"/home/smugbab/Unity/Hub/Editor/6000.5.3f1/Editor/Data/NetStandard/compat/2.1.0/shims/netstandard/System.Diagnostics.Tools.dll"
-r:"/home/smugbab/Unity/Hub/Editor/6000.5.3f1/Editor/Data/NetStandard/compat/2.1.0/shims/netstandard/System.Diagnostics.TraceSource.dll"
-r:"/home/smugbab/Unity/Hub/Editor/6000.5.3f1/Editor/Data/NetStandard/compat/2.1.0/shims/netstandard/System.Diagnostics.Tracing.dll"
-r:"/home/smugbab/Unity/Hub/Editor/6000.5.3f1/Editor/Data/NetStandard/compat/2.1.0/shims/netstandard/System.Drawing.Primitives.dll"
-r:"/home/smugbab/Unity/Hub/Editor/6000.5.3f1/Editor/Data/NetStandard/compat/2.1.0/shims/netstandard/System.Dynamic.Runtime.dll"
-r:"/home/smugbab/Unity/Hub/Editor/6000.5.3f1/Editor/Data/NetStandard/compat/2.1.0/shims/netstandard/System.Globalization.Calendars.dll"
-r:"/home/smugbab/Unity/Hub/Editor/6000.5.3f1/Editor/Data/NetStandard/compat/2.1.0/shims/netstandard/System.Globalization.Extensions.dll"
-r:"/home/smugbab/Unity/Hub/Editor/6000.5.3f1/Editor/Data/NetStandard/compat/2.1.0/shims/netstandard/System.Globalization.dll"
-r:"/home/smugbab/Unity/Hub/Editor/6000.5.3f1/Editor/Data/NetStandard/compat/2.1.0/shims/netstandard/System.IO.Compression.ZipFile.dll"
-r:"/home/smugbab/Unity/Hub/Editor/6000.5.3f1/Editor/Data/NetStandard/compat/2.1.0/shims/netstandard/System.IO.Compression.dll"
-r:"/home/smugbab/Unity/Hub/Editor/6000.5.3f1/Editor/Data/NetStandard/compat/2.1.0/shims/netstandard/System.IO.FileSystem.DriveInfo.dll"
-r:"/home/smugbab/Unity/Hub/Editor/6000.5.3f1/Editor/Data/NetStandard/compat/2.1.0/shims/netstandard/System.IO.FileSystem.Primitives.dll"
-r:"/home/smugbab/Unity/Hub/Editor/6000.5.3f1/Editor/Data/NetStandard/compat/2.1.0/shims/netstandard/System.IO.FileSystem.Watcher.dll"
-r:"/home/smugbab/Unity/Hub/Editor/6000.5.3f1/Editor/Data/NetStandard/compat/2.1.0/shims/netstandard/System.IO.FileSystem.dll"
-r:"/home/smugbab/Unity/Hub/Editor/6000.5.3f1/Editor/Data/NetStandard/compat/2.1.0/shims/netstandard/System.IO.IsolatedStorage.dll"
-r:"/home/smugbab/Unity/Hub/Editor/6000.5.3f1/Editor/Data/NetStandard/compat/2.1.0/shims/netstandard/System.IO.MemoryMappedFiles.dll"
-r:"/home/smugbab/Unity/Hub/Editor/6000.5.3f1/Editor/Data/NetStandard/compat/2.1.0/shims/netstandard/System.IO.Pipes.dll"
-r:"/home/smugbab/Unity/Hub/Editor/6000.5.3f1/Editor/Data/NetStandard/compat/2.1.0/shims/netstandard/System.IO.UnmanagedMemoryStream.dll"
-r:"/home/smugbab/Unity/Hub/Editor/6000.5.3f1/Editor/Data/NetStandard/compat/2.1.0/shims/netstandard/System.IO.dll"
-r:"/home/smugbab/Unity/Hub/Editor/6000.5.3f1/Editor/Data/NetStandard/compat/2.1.0/shims/netstandard/System.Linq.Expressions.dll"
-r:"/home/smugbab/Unity/Hub/Editor/6000.5.3f1/Editor/Data/NetStandard/compat/2.1.0/shims/netstandard/System.Linq.Parallel.dll"
-r:"/home/smugbab/Unity/Hub/Editor/6000.5.3f1/Editor/Data/NetStandard/compat/2.1.0/shims/netstandard/System.Linq.Queryable.dll"
-r:"/home/smugbab/Unity/Hub/Editor/6000.5.3f1/Editor/Data/NetStandard/compat/2.1.0/shims/netstandard/System.Linq.dll"
-r:"/home/smugbab/Unity/Hub/Editor/6000.5.3f1/Editor/Data/NetStandard/compat/2.1.0/shims/netstandard/System.Memory.dll"
-r:"/home/smugbab/Unity/Hub/Editor/6000.5.3f1/Editor/Data/NetStandard/compat/2.1.0/shims/netstandard/System.Net.Http.dll"
-r:"/home/smugbab/Unity/Hub/Editor/6000.5.3f1/Editor/Data/NetStandard/compat/2.1.0/shims/netstandard/System.Net.NameResolution.dll"
-r:"/home/smugbab/Unity/Hub/Editor/6000.5.3f1/Editor/Data/NetStandard/compat/2.1.0/shims/netstandard/System.Net.NetworkInformation.dll"
-r:"/home/smugbab/Unity/Hub/Editor/6000.5.3f1/Editor/Data/NetStandard/compat/2.1.0/shims/netstandard/System.Net.Ping.dll"
-r:"/home/smugbab/Unity/Hub/Editor/6000.5.3f1/Editor/Data/NetStandard/compat/2.1.0/shims/netstandard/System.Net.Primitives.dll"
-r:"/home/smugbab/Unity/Hub/Editor/6000.5.3f1/Editor/Data/NetStandard/compat/2.1.0/shims/netstandard/System.Net.Requests.dll"
-r:"/home/smugbab/Unity/Hub/Editor/6000.5.3f1/Editor/Data/NetStandard/compat/2.1.0/shims/netstandard/System.Net.Security.dll"
-r:"/home/smugbab/Unity/Hub/Editor/6000.5.3f1/Editor/Data/NetStandard/compat/2.1.0/shims/netstandard/System.Net.Sockets.dll"
-r:"/home/smugbab/Unity/Hub/Editor/6000.5.3f1/Editor/Data/NetStandard/compat/2.1.0/shims/netstandard/System.Net.WebHeaderCollection.dll"
-r:"/home/smugbab/Unity/Hub/Editor/6000.5.3f1/Editor/Data/NetStandard/compat/2.1.0/shims/netstandard/System.Net.WebSockets.Client.dll"
-r:"/home/smugbab/Unity/Hub/Editor/6000.5.3f1/Editor/Data/NetStandard/compat/2.1.0/shims/netstandard/System.Net.WebSockets.dll"
-r:"/home/smugbab/Unity/Hub/Editor/6000.5.3f1/Editor/Data/NetStandard/compat/2.1.0/shims/netstandard/System.Numerics.Vectors.dll"
-r:"/home/smugbab/Unity/Hub/Editor/6000.5.3f1/Editor/Data/NetStandard/compat/2.1.0/shims/netstandard/System.ObjectModel.dll"
-r:"/home/smugbab/Unity/Hub/Editor/6000.5.3f1/Editor/Data/NetStandard/compat/2.1.0/shims/netstandard/System.Reflection.DispatchProxy.dll"
-r:"/home/smugbab/Unity/Hub/Editor/6000.5.3f1/Editor/Data/NetStandard/compat/2.1.0/shims/netstandard/System.Reflection.Emit.ILGeneration.dll"
-r:"/home/smugbab/Unity/Hub/Editor/6000.5.3f1/Editor/Data/NetStandard/compat/2.1.0/shims/netstandard/System.Reflection.Emit.Lightweight.dll"
-r:"/home/smugbab/Unity/Hub/Editor/6000.5.3f1/Editor/Data/NetStandard/compat/2.1.0/shims/netstandard/System.Reflection.Emit.dll"
-r:"/home/smugbab/Unity/Hub/Editor/6000.5.3f1/Editor/Data/NetStandard/compat/2.1.0/shims/netstandard/System.Reflection.Extensions.dll"
-r:"/home/smugbab/Unity/Hub/Editor/6000.5.3f1/Editor/Data/NetStandard/compat/2.1.0/shims/netstandard/System.Reflection.Primitives.dll"
-r:"/home/smugbab/Unity/Hub/Editor/6000.5.3f1/Editor/Data/NetStandard/compat/2.1.0/shims/netstandard/System.Reflection.dll"
-r:"/home/smugbab/Unity/Hub/Editor/6000.5.3f1/Editor/Data/NetStandard/compat/2.1.0/shims/netstandard/System.Resources.Reader.dll"
-r:"/home/smugbab/Unity/Hub/Editor/6000.5.3f1/Editor/Data/NetStandard/compat/2.1.0/shims/netstandard/System.Resources.ResourceManager.dll"
-r:"/home/smugbab/Unity/Hub/Editor/6000.5.3f1/Editor/Data/NetStandard/compat/2.1.0/shims/netstandard/System.Resources.Writer.dll"
-r:"/home/smugbab/Unity/Hub/Editor/6000.5.3f1/Editor/Data/NetStandard/compat/2.1.0/shims/netstandard/System.Runtime.CompilerServices.VisualC.dll"
-r:"/home/smugbab/Unity/Hub/Editor/6000.5.3f1/Editor/Data/NetStandard/compat/2.1.0/shims/netstandard/System.Runtime.Extensions.dll"
-r:"/home/smugbab/Unity/Hub/Editor/6000.5.3f1/Editor/Data/NetStandard/compat/2.1.0/shims/netstandard/System.Runtime.Handles.dll"
-r:"/home/smugbab/Unity/Hub/Editor/6000.5.3f1/Editor/Data/NetStandard/compat/2.1.0/shims/netstandard/System.Runtime.InteropServices.RuntimeInformation.dll"
-r:"/home/smugbab/Unity/Hub/Editor/6000.5.3f1/Editor/Data/NetStandard/compat/2.1.0/shims/netstandard/System.Runtime.InteropServices.dll"
-r:"/home/smugbab/Unity/Hub/Editor/6000.5.3f1/Editor/Data/NetStandard/compat/2.1.0/shims/netstandard/System.Runtime.Numerics.dll"
-r:"/home/smugbab/Unity/Hub/Editor/6000.5.3f1/Editor/Data/NetStandard/compat/2.1.0/shims/netstandard/System.Runtime.Serialization.Formatters.dll"
-r:"/home/smugbab/Unity/Hub/Editor/6000.5.3f1/Editor/Data/NetStandard/compat/2.1.0/shims/netstandard/System.Runtime.Serialization.Json.dll"
-r:"/home/smugbab/Unity/Hub/Editor/6000.5.3f1/Editor/Data/NetStandard/compat/2.1.0/shims/netstandard/System.Runtime.Serialization.Primitives.dll"
-r:"/home/smugbab/Unity/Hub/Editor/6000.5.3f1/Editor/Data/NetStandard/compat/2.1.0/shims/netstandard/System.Runtime.Serialization.Xml.dll"
-r:"/home/smugbab/Unity/Hub/Editor/6000.5.3f1/Editor/Data/NetStandard/compat/2.1.0/shims/netstandard/System.Runtime.dll"
-r:"/home/smugbab/Unity/Hub/Editor/6000.5.3f1/Editor/Data/NetStandard/compat/2.1.0/shims/netstandard/System.Security.Claims.dll"
-r:"/home/smugbab/Unity/Hub/Editor/6000.5.3f1/Editor/Data/NetStandard/compat/2.1.0/shims/netstandard/System.Security.Cryptography.Algorithms.dll"
-r:"/home/smugbab/Unity/Hub/Editor/6000.5.3f1/Editor/Data/NetStandard/compat/2.1.0/shims/netstandard/System.Security.Cryptography.Csp.dll"
-r:"/home/smugbab/Unity/Hub/Editor/6000.5.3f1/Editor/Data/NetStandard/compat/2.1.0/shims/netstandard/System.Security.Cryptography.Encoding.dll"
-r:"/home/smugbab/Unity/Hub/Editor/6000.5.3f1/Editor/Data/NetStandard/compat/2.1.0/shims/netstandard/System.Security.Cryptography.Primitives.dll"
-r:"/home/smugbab/Unity/Hub/Editor/6000.5.3f1/Editor/Data/NetStandard/compat/2.1.0/shims/netstandard/System.Security.Cryptography.X509Certificates.dll"
-r:"/home/smugbab/Unity/Hub/Editor/6000.5.3f1/Editor/Data/NetStandard/compat/2.1.0/shims/netstandard/System.Security.Principal.dll"
-r:"/home/smugbab/Unity/Hub/Editor/6000.5.3f1/Editor/Data/NetStandard/compat/2.1.0/shims/netstandard/System.Security.SecureString.dll"
-r:"/home/smugbab/Unity/Hub/Editor/6000.5.3f1/Editor/Data/NetStandard/compat/2.1.0/shims/netstandard/System.Text.Encoding.Extensions.dll"
-r:"/home/smugbab/Unity/Hub/Editor/6000.5.3f1/Editor/Data/NetStandard/compat/2.1.0/shims/netstandard/System.Text.Encoding.dll"
-r:"/home/smugbab/Unity/Hub/Editor/6000.5.3f1/Editor/Data/NetStandard/compat/2.1.0/shims/netstandard/System.Text.RegularExpressions.dll"
-r:"/home/smugbab/Unity/Hub/Editor/6000.5.3f1/Editor/Data/NetStandard/compat/2.1.0/shims/netstandard/System.Threading.Overlapped.dll"
-r:"/home/smugbab/Unity/Hub/Editor/6000.5.3f1/Editor/Data/NetStandard/compat/2.1.0/shims/netstandard/System.Threading.Tasks.Extensions.dll"
-r:"/home/smugbab/Unity/Hub/Editor/6000.5.3f1/Editor/Data/NetStandard/compat/2.1.0/shims/netstandard/System.Threading.Tasks.Parallel.dll"
-r:"/home/smugbab/Unity/Hub/Editor/6000.5.3f1/Editor/Data/NetStandard/compat/2.1.0/shims/netstandard/System.Threading.Tasks.dll"
-r:"/home/smugbab/Unity/Hub/Editor/6000.5.3f1/Editor/Data/NetStandard/compat/2.1.0/shims/netstandard/System.Threading.Thread.dll"
-r:"/home/smugbab/Unity/Hub/Editor/6000.5.3f1/Editor/Data/NetStandard/compat/2.1.0/shims/netstandard/System.Threading.ThreadPool.dll"
-r:"/home/smugbab/Unity/Hub/Editor/6000.5.3f1/Editor/Data/NetStandard/compat/2.1.0/shims/netstandard/System.Threading.Timer.dll"
-r:"/home/smugbab/Unity/Hub/Editor/6000.5.3f1/Editor/Data/NetStandard/compat/2.1.0/shims/netstandard/System.Threading.dll"
-r:"/home/smugbab/Unity/Hub/Editor/6000.5.3f1/Editor/Data/NetStandard/compat/2.1.0/shims/netstandard/System.ValueTuple.dll"
-r:"/home/smugbab/Unity/Hub/Editor/6000.5.3f1/Editor/Data/NetStandard/compat/2.1.0/shims/netstandard/System.Xml.ReaderWriter.dll"
-r:"/home/smugbab/Unity/Hub/Editor/6000.5.3f1/Editor/Data/NetStandard/compat/2.1.0/shims/netstandard/System.Xml.XDocument.dll"
-r:"/home/smugbab/Unity/Hub/Editor/6000.5.3f1/Editor/Data/NetStandard/compat/2.1.0/shims/netstandard/System.Xml.XPath.XDocument.dll"
-r:"/home/smugbab/Unity/Hub/Editor/6000.5.3f1/Editor/Data/NetStandard/compat/2.1.0/shims/netstandard/System.Xml.XPath.dll"
-r:"/home/smugbab/Unity/Hub/Editor/6000.5.3f1/Editor/Data/NetStandard/compat/2.1.0/shims/netstandard/System.Xml.XmlDocument.dll"
-r:"/home/smugbab/Unity/Hub/Editor/6000.5.3f1/Editor/Data/NetStandard/compat/2.1.0/shims/netstandard/System.Xml.XmlSerializer.dll"
-r:"/home/smugbab/Unity/Hub/Editor/6000.5.3f1/Editor/Data/NetStandard/ref/2.1.0/netstandard.dll"
-r:"/home/smugbab/Unity/Hub/Editor/6000.5.3f1/Editor/Data/PlaybackEngines/AndroidPlayer/Unity.Android.Gradle.dll"
-r:"/home/smugbab/Unity/Hub/Editor/6000.5.3f1/Editor/Data/PlaybackEngines/AndroidPlayer/Unity.Android.Types.dll"
-r:"Library/PackageCache/com.unity.collections@91fb845e8cf9/Unity.Collections.LowLevel.ILSupport/Unity.Collections.LowLevel.ILSupport.dll"
-r:"Library/PackageCache/com.unity.ext.nunit@9054f8d1d690/net472/unity-custom/nunit.framework.dll"
-r:"Library/PackageCache/com.unity.nuget.mono-cecil@ecb9724e46ff/Mono.Cecil.dll"
-r:"Library/Bee/artifacts/1300b0aE.dag/Unity.Burst.Editor.ref.dll"
-r:"Library/Bee/artifacts/1300b0aE.dag/Unity.Burst.ref.dll"
-r:"Library/Bee/artifacts/1300b0aE.dag/Unity.Collections.Editor.ref.dll"
-r:"Library/Bee/artifacts/1300b0aE.dag/Unity.Collections.ref.dll"
-r:"Library/Bee/artifacts/1300b0aE.dag/Unity.InputSystem.ForUI.ref.dll"
-r:"Library/Bee/artifacts/1300b0aE.dag/Unity.InputSystem.ref.dll"
-r:"Library/Bee/artifacts/1300b0aE.dag/Unity.InternalAPIEditorBridge.ShaderGraph.Editor.ref.dll"
-r:"Library/Bee/artifacts/1300b0aE.dag/Unity.InternalAPIEngineBridge.RenderPipelines.Core.Editor.ref.dll"
-r:"Library/Bee/artifacts/1300b0aE.dag/Unity.InternalAPIEngineBridge.RenderPipelines.Core.Runtime.Shared.ref.dll"
-r:"Library/Bee/artifacts/1300b0aE.dag/Unity.Mathematics.ref.dll"
-r:"Library/Bee/artifacts/1300b0aE.dag/Unity.Multiplayer.Center.Common.ref.dll"
-r:"Library/Bee/artifacts/1300b0aE.dag/Unity.Multiplayer.Center.Editor.ref.dll"
-r:"Library/Bee/artifacts/1300b0aE.dag/Unity.PathTracing.Editor.ref.dll"
-r:"Library/Bee/artifacts/1300b0aE.dag/Unity.PathTracing.Runtime.ref.dll"
-r:"Library/Bee/artifacts/1300b0aE.dag/Unity.RenderPipeline.Universal.ShaderLibrary.ref.dll"
-r:"Library/Bee/artifacts/1300b0aE.dag/Unity.RenderPipelines.Core.Editor.Shared.ref.dll"
-r:"Library/Bee/artifacts/1300b0aE.dag/Unity.RenderPipelines.Core.Editor.ref.dll"
-r:"Library/Bee/artifacts/1300b0aE.dag/Unity.RenderPipelines.Core.Runtime.Shared.ref.dll"
-r:"Library/Bee/artifacts/1300b0aE.dag/Unity.RenderPipelines.Core.Runtime.ref.dll"
-r:"Library/Bee/artifacts/1300b0aE.dag/Unity.RenderPipelines.Core.ShaderLibrary.ref.dll"
-r:"Library/Bee/artifacts/1300b0aE.dag/Unity.RenderPipelines.GPUDriven.Runtime.ref.dll"
-r:"Library/Bee/artifacts/1300b0aE.dag/Unity.RenderPipelines.ShaderGraph.ShaderGraphLibrary.ref.dll"
-r:"Library/Bee/artifacts/1300b0aE.dag/Unity.RenderPipelines.Universal.2D.Editor.Overrides.ref.dll"
-r:"Library/Bee/artifacts/1300b0aE.dag/Unity.RenderPipelines.Universal.2D.Runtime.ref.dll"
-r:"Library/Bee/artifacts/1300b0aE.dag/Unity.RenderPipelines.Universal.Config.Runtime.ref.dll"
-r:"Library/Bee/artifacts/1300b0aE.dag/Unity.RenderPipelines.Universal.Editor.ref.dll"
-r:"Library/Bee/artifacts/1300b0aE.dag/Unity.RenderPipelines.Universal.Runtime.ref.dll"
-r:"Library/Bee/artifacts/1300b0aE.dag/Unity.RenderPipelines.Universal.Shaders.ref.dll"
-r:"Library/Bee/artifacts/1300b0aE.dag/Unity.Rendering.LightTransport.Editor.ref.dll"
-r:"Library/Bee/artifacts/1300b0aE.dag/Unity.Searcher.Editor.ref.dll"
-r:"Library/Bee/artifacts/1300b0aE.dag/Unity.ShaderGraph.Editor.ref.dll"
-r:"Library/Bee/artifacts/1300b0aE.dag/Unity.SurfaceCache.Runtime.ref.dll"
-r:"Library/Bee/artifacts/1300b0aE.dag/Unity.UnifiedRayTracing.Runtime.ref.dll"
-analyzer:"/home/smugbab/Unity/Hub/Editor/6000.5.3f1/Editor/Data/BCLExtensions/TargetingPacks/netstandard2.1/analyzers/dotnet/roslyn4.0/cs/Microsoft.Extensions.Logging.Generators.dll"
-analyzer:"/home/smugbab/Unity/Hub/Editor/6000.5.3f1/Editor/Data/BCLExtensions/TargetingPacks/netstandard2.1/analyzers/dotnet/roslyn4.0/cs/System.Text.Json.SourceGeneration.dll"
-analyzer:"/home/smugbab/Unity/Hub/Editor/6000.5.3f1/Editor/Data/Tools/BuildPipeline/Unity.Analyzers.Common/Unity.Analyzers.Common.dll"
-analyzer:"/home/smugbab/Unity/Hub/Editor/6000.5.3f1/Editor/Data/Tools/BuildPipeline/Unity.Analyzers.LongLiving/Unity.Analyzers.LongLiving.dll"
-analyzer:"/home/smugbab/Unity/Hub/Editor/6000.5.3f1/Editor/Data/Tools/BuildPipeline/Unity.SourceGenerators/Unity.Properties.SourceGenerator.dll"
-analyzer:"/home/smugbab/Unity/Hub/Editor/6000.5.3f1/Editor/Data/Tools/BuildPipeline/Unity.SourceGenerators/Unity.SourceGenerators.dll"
-analyzer:"/home/smugbab/Unity/Hub/Editor/6000.5.3f1/Editor/Data/Tools/BuildPipeline/Unity.SourceGenerators/Unity.UIToolkit.SourceGenerator.dll"
"Assets/scripts/carmovement.cs"
"Assets/scripts/roadsys.cs"
"Assets/scripts/terrainsys.cs"
-langversion:9.0
/deterministic
/optimize+
/debug:portable
/nologo
/RuntimeMetadataVersion:v4.0.30319
/nowarn:0169
/nowarn:0649
/nowarn:0282
/nowarn:1701
/nowarn:1702
/utf8output
/preferreduilang:en-US
/additionalfile:"Library/Bee/artifacts/1300b0aE.dag/Assembly-CSharp.UnityAdditionalFile.txt"
##### Custom Environment Variables
DOTNET_HOST_PATH=/home/smugbab/Unity/Hub/Editor/6000.5.3f1/Editor/Data/DotNetSdk/dotnet
DOTNET_MULTILEVEL_LOOKUP=0
##### ExitCode
1
##### Output
Assets/scripts/carmovement.cs(2,24): error CS1002: ; expected
*** Tundra build failed (0.14 seconds), 86 items updated, 582 evaluated
Assets/scripts/carmovement.cs(2,24): error CS1002: ; expected
Begin MonoManager ReloadAssembly
Total cache size 265526863
Total cache size after purge 265526863, took 00:00:00.0646607
Native extension for LinuxStandalone target not found
Native extension for Android target not found
ScheduleIndexationOnStartup MainProcess:True IndexOnStartup:True
Mono: successfully reloaded assembly
- Finished resetting the current domain, in  3.192 seconds
Domain Reload Profiling: 3821ms
	BeginReloadAssembly (163ms)
		DisableScriptedObjects (18ms)
		CreateAndSetChildDomain (38ms)
	RebuildCommonClasses (9ms)
	RebuildNativeTypeToScriptingClass (13ms)
	initialDomainReloadingComplete (38ms)
	LoadAllAssembliesAndSetupDomain (406ms)
		LoadAssemblies (208ms)
		AnalyzeDomain (140ms)
			TypeCache.Refresh (98ms)
				TypeCache.ScanAssembly (88ms)
			BuildScriptInfoCaches (35ms)
			ResolveRequiredComponents (6ms)
	FinalizeReload (3194ms)
		SetupLoadedEditorAssemblies (0ms)
			InitializePlatformSupportModulesInManaged (14ms)
			BeforeProcessingInitializeOnLoad (102ms)
			ProcessInitializeOnLoadAttributes (2348ms)
			ProcessInitializeOnLoadMethodAttributes (399ms)
			AfterProcessingInitializeOnLoad (5ms)
		AwakeInstancesAfterBackupRestoration (23ms)
Starting new worker id: 0 with log in /home/smugbab/Desktop/Projects/TabletGames/Logs/AssetImportWorkerHW0.log
[UnityConnectServicesConfig] Local config successfully read: "/usr/share/unity3d/config/services-config.json"
[UnityConnectServicesConfig] Service configuration:
    "servicesConfigBaseUrl": "",
    "disableServicesWindow": false,
    "disableUserLogin": false,
    "entitlementCacheTimeoutInSeconds": 60,
    "clientConnectTimeoutSec": 60,
    "clientHandshakeTimeoutSec": 30,
    "clientResolveEntitlementsTimeoutSec": 30,
    "clientUpdateLicenseTimeoutSec": 30,
    "licensingServiceBaseUrl": "",
    "enableProxyAutoconfig": "false"

WARNING: RGBA Compressed ASTC6X6 UNorm format is not supported, decompressing texture
WARNING: RGBA Compressed ASTC6X6 sRGB format is not supported, decompressing texture

Asset Pipeline Refresh (id=c98884b85ba18f778b47f12470488cb8): Total: 30.547 seconds - Initiated by InitialRefreshV2(ForceSynchronousImport)
	(Values over 0.05ms)
	Summary:
		Imports: total=0 (actual=0, local cache=0, cache server=0)
		Asset DB Process Time: managed=0 ms, native=26967 ms
		Asset DB Callback time: managed=317 ms, native=6 ms
		Scripting: domain reloads=1, domain reload time=862 ms, compile time=2362 ms, other=31 ms
		Project Asset Count: scripts=776, non-scripts=1583
		Asset File Changes: new=0, changed=0, moved=0, deleted=0
		Scan Filter Count: 1
	InvokePackagesCallback: 6.634ms
	ApplyChangesToAssetFolders: 0.349ms
	Scan: 377.080ms
	Collect global state as custom dependencies: 0.958ms
	CategorizeScriptCompilationAssets: 25.204ms
	ProcessAssetsWithTransientArtifactChanges: 35.335ms
	CategorizeAssets: 37.169ms
	CompileScripts: 2362.402ms
	ImportOutOfDateAssets: 3247.555ms (3203.247ms without children)
		UnloadImportedAssets: 0.271ms
		EnsureUptoDateAssetsAreRegisteredWithGuidPM: 0.349ms
		ImportSchedulerStart: 43.683ms
	PostProcessAllAssets: 317.415ms
		MonoPostProcessAllAssets: 317.311ms
			UniversalRenderPipelineGlobalSettingsPostprocessor.OnPostprocessAllAssets 296.543ms
			SpeedTree9Postprocessor.OnPostprocessAllAssets 2.009ms
			WindowAssetPostprocessingWatcher.OnPostprocessAllAssets 1.915ms
			SyncVS.PostprocessSyncProject 1.199ms
			EditModeScopePostprocessor.OnPostprocessAllAssets 0.980ms
			ShaderReflectionAssetPostProcessor.OnPostprocessAllAssets 0.359ms
			ReferencedClipsPostProcessor.OnPostprocessAllAssets 0.295ms
			InputActionAssetPostprocessor.OnPostprocessAllAssets 0.292ms
			TerrainToolbarOverlayPostProcessor.OnPostprocessAllAssets 0.192ms
			ProjectSettingsPostprocessor.OnPostprocessAllAssets 0.182ms
			AssetDatabaseCallbacks.OnPostprocessAllAssets 0.169ms
			RenderPipelineGlobalSettingsPostprocessor.OnPostprocessAllAssets 0.105ms
	UnloadStreamsBegin: 2.147ms
	PersistCurrentRevisions: 0.074ms
	GenerateScriptTypeHashes: 1.886ms
	GenerateScriptTypeSerializationHashes: 3.604ms
	Untracked: 24132.344ms

Application.AssetDatabase Initial Refresh End
AutoLocale: current locale expects 'C' but got 'en_US.UTF-8'Launched and connected shader compiler UnityShaderCompiler after 0.04 seconds
WARNING: RGBA Compressed ASTC6X6 UNorm format is not supported, decompressing texture
WARNING: RGBA Compressed ASTC6X6 sRGB format is not supported, decompressing texture
Scanning for USB devices : 5.961ms
Initializing Unity extensions:
UpdateMenuTitleForLanguage: 10
[MODES] ModeService[none].Initialize
[MODES] ModeService[none].LoadModes
[MODES] Loading mode Default (0) for mode-current-id-TabletGames
Unloading 164 Unused Serialized files (Serialized files now loaded: 0)
Worker ready: AssetImportWorkerHW0 0
Loaded scene 'Assets/Scenes/car.unity'
	Deserialize:            2.920 ms
	Integration:            245.860 ms
	Integration of assets:  0.003 ms
	Thread Wait Time:       0.007 ms
	Total Operation Time:   248.790 ms
Unloading 3268 unused Assets / (5.5 MB). Loaded Objects now: 4205.
Memory consumption went from 181.7 MB to 176.2 MB.
Total: 14.785021 ms (FindLiveObjects: 0.504696 ms CreateObjectMapping: 0.876534 ms MarkObjects: 8.808074 ms  DeleteObjects: 4.594955 ms)

[LAYOUT] About to load UserSettings/Layouts/default-6000.dwlt, keepMainWindow=False
WARNING: RGBA Compressed ASTC6X6 sRGB format is not supported, decompressing texture
GLX Extensions: GLX_ARB_get_proc_address GLX_ARB_multisample GLX_EXT_visual_info GLX_EXT_visual_rating GLX_SGIX_fbconfig GLX_SGIX_pbuffer GLX_SGI_swap_control GLX_EXT_swap_control GLX_EXT_buffer_age GLX_ARB_create_context GLX_ARB_create_context_profile GLX_ARB_fbconfig_float GLX_EXT_fbconfig_packed_float GLX_EXT_framebuffer_sRGB GLX_NV_copy_image GLX_NV_copy_buffer GLX_EXT_create_context_es_profile GLX_EXT_create_context_es2_profile GLX_ARB_create_context_no_error GLX_ARB_create_context_robustness GLX_ARB_context_flush_control 
GLX Extensions: GLX_ARB_get_proc_address GLX_ARB_multisample GLX_EXT_visual_info GLX_EXT_visual_rating GLX_SGIX_fbconfig GLX_SGIX_pbuffer GLX_SGI_swap_control GLX_EXT_swap_control GLX_EXT_buffer_age GLX_ARB_create_context GLX_ARB_create_context_profile GLX_ARB_fbconfig_float GLX_EXT_fbconfig_packed_float GLX_EXT_framebuffer_sRGB GLX_NV_copy_image GLX_NV_copy_buffer GLX_EXT_create_context_es_profile GLX_EXT_create_context_es2_profile GLX_ARB_create_context_no_error GLX_ARB_create_context_robustness GLX_ARB_context_flush_control 
GLX Extensions: GLX_ARB_get_proc_address GLX_ARB_multisample GLX_EXT_visual_info GLX_EXT_visual_rating GLX_SGIX_fbconfig GLX_SGIX_pbuffer GLX_SGI_swap_control GLX_EXT_swap_control GLX_EXT_buffer_age GLX_ARB_create_context GLX_ARB_create_context_profile GLX_ARB_fbconfig_float GLX_EXT_fbconfig_packed_float GLX_EXT_framebuffer_sRGB GLX_NV_copy_image GLX_NV_copy_buffer GLX_EXT_create_context_es_profile GLX_EXT_create_context_es2_profile GLX_ARB_create_context_no_error GLX_ARB_create_context_robustness GLX_ARB_context_flush_control 
GLX Extensions: GLX_ARB_get_proc_address GLX_ARB_multisample GLX_EXT_visual_info GLX_EXT_visual_rating GLX_SGIX_fbconfig GLX_SGIX_pbuffer GLX_SGI_swap_control GLX_EXT_swap_control GLX_EXT_buffer_age GLX_ARB_create_context GLX_ARB_create_context_profile GLX_ARB_fbconfig_float GLX_EXT_fbconfig_packed_float GLX_EXT_framebuffer_sRGB GLX_NV_copy_image GLX_NV_copy_buffer GLX_EXT_create_context_es_profile GLX_EXT_create_context_es2_profile GLX_ARB_create_context_no_error GLX_ARB_create_context_robustness GLX_ARB_context_flush_control 
GLX Extensions: GLX_ARB_get_proc_address GLX_ARB_multisample GLX_EXT_visual_info GLX_EXT_visual_rating GLX_SGIX_fbconfig GLX_SGIX_pbuffer GLX_SGI_swap_control GLX_EXT_swap_control GLX_EXT_buffer_age GLX_ARB_create_context GLX_ARB_create_context_profile GLX_ARB_fbconfig_float GLX_EXT_fbconfig_packed_float GLX_EXT_framebuffer_sRGB GLX_NV_copy_image GLX_NV_copy_buffer GLX_EXT_create_context_es_profile GLX_EXT_create_context_es2_profile GLX_ARB_create_context_no_error GLX_ARB_create_context_robustness GLX_ARB_context_flush_control 
GLX Extensions: GLX_ARB_get_proc_address GLX_ARB_multisample GLX_EXT_visual_info GLX_EXT_visual_rating GLX_SGIX_fbconfig GLX_SGIX_pbuffer GLX_SGI_swap_control GLX_EXT_swap_control GLX_EXT_buffer_age GLX_ARB_create_context GLX_ARB_create_context_profile GLX_ARB_fbconfig_float GLX_EXT_fbconfig_packed_float GLX_EXT_framebuffer_sRGB GLX_NV_copy_image GLX_NV_copy_buffer GLX_EXT_create_context_es_profile GLX_EXT_create_context_es2_profile GLX_ARB_create_context_no_error GLX_ARB_create_context_robustness GLX_ARB_context_flush_control 
[LAYOUT] About to save layout /home/smugbab/Desktop/Projects/TabletGames/UserSettings/Layouts/default-6000.dwlt
[LAYOUT] About to save layout /home/smugbab/.config/unity3d/Preferences/Editor-5.x/Layouts/current/default-6000.dwlt
[MODES] ModeService[default].InitializeCurrentMode
[MODES] ModeService[default].RaiseModeChanged(default, default)
Disable old input system
[Project] Loading completed in 37.992 seconds
	Project init time: 				34.559 seconds
		Template init time: 		0.000 seconds
		Package Manager init time: 		0.329 seconds
		Asset Database init time: 		0.300 seconds
		Global illumination init time: 	0.004 seconds
		Assemblies load time: 			2.376 seconds
		Unity extensions init time: 	0.020 seconds
		Asset Database refresh time: 	30.554 seconds
	Scene opening time: 			2.928 seconds
##utp:{"type":"ProjectInfo","version":2,"phase":"Immediate","time":1791548667769,"processId":2600,"projectLoad":37.991698718,"projectInit":34.559169705,"templateInit":0.0,"packageManagerInit":0.328619409,"assetDatabaseInit":0.30006945,"globalIlluminationInit":0.003729122,"assembliesLoad":2.376108458,"unityExtensionsInit":0.020435054,"assetDatabaseRefresh":30.554126999,"sceneOpening":2.928305659}
##utp:{"type":"EditorInfo","version":2,"phase":"Immediate","time":1791548667769,"processId":2600,"editorVersion":"6000.5.3f1 (c2eb47b3a2a9)","branch":"6000.5/staging","buildType":"Release","platform":"Linux"}
Asset Pipeline Refresh (id=defc0c4fc358bcd5893d2223a309cf54): Total: 0.133 seconds - Initiated by RefreshV2(ForceSynchronousImport)
Dynamic Batching is deprecated and will be removed in a future release. Use GPU Instancing instead. Disable Dynamic Batching in Project Settings > Player > Other Settings to remove this warning.
UnityEngine.Debug:ExtractStackTraceNoAlloc (byte*,int,string)
UnityEngine.StackTraceUtility:ExtractStackTrace () (at /home/bokken/build/output/unity/unity/Runtime/Export/Scripting/StackTrace.cs:35)
UnityEngine.DebugLogHandler:Internal_Log (UnityEngine.LogType,UnityEngine.LogOption,string,UnityEngine.Object)
UnityEngine.DebugLogHandler:LogFormat (UnityEngine.LogType,UnityEngine.Object,string,object[])
UnityEngine.Logger:Log (UnityEngine.LogType,object)
UnityEngine.Debug:LogWarning (object)
UnityEditor.PlayerSettingsBatchingWarning:WarnIfDynamicBatchingEnabled () (at /home/bokken/build/output/unity/unity/Editor/Mono/Inspector/PlayerSettingsEditor/PlayerSettingsBatchingWarning.cs:45)
UnityEditor.EditorApplication:Internal_CallUpdateFunctions () (at /home/bokken/build/output/unity/unity/Editor/Mono/EditorApplication.cs:403)

(Filename: /home/bokken/build/output/unity/unity/Editor/Mono/Inspector/PlayerSettingsEditor/PlayerSettingsBatchingWarning.cs Line: 45)

Start Indexing on Editor startup
[Indexing] Starting Initial Indexing for Assets
Unable to find a font file with the specified Family Name [LegacyRuntime] and Style [Regular].
UnityEngine.Debug:ExtractStackTraceNoAlloc (byte*,int,string)
UnityEngine.StackTraceUtility:ExtractStackTrace () (at /home/bokken/build/output/unity/unity/Runtime/Export/Scripting/StackTrace.cs:35)
UnityEngine.DebugLogHandler:Internal_Log (UnityEngine.LogType,UnityEngine.LogOption,string,UnityEngine.Object)
UnityEngine.DebugLogHandler:LogFormat (UnityEngine.LogType,UnityEngine.Object,string,object[])
UnityEngine.Logger:Log (UnityEngine.LogType,object)
UnityEngine.Debug:Log (object)
UnityEngine.TextCore.Text.FontAsset:CreateFontAsset (string,string,int) (at /home/bokken/build/output/unity/unity/Modules/TextCoreTextEngine/Managed/TextAssets/FontAsset.cs:563)
UnityEngine.TextCore.Text.FontAsset:CreateFontAsset (UnityEngine.Font,int,int,int,UnityEngine.TextCore.LowLevel.GlyphRenderMode,int,int,UnityEngine.TextCore.Text.AtlasPopulationMode,bool) (at /home/bokken/build/output/unity/unity/Modules/TextCoreTextEngine/Managed/TextAssets/FontAsset.cs:743)
UnityEngine.TextCore.Text.FontAsset:CreateFontAsset (UnityEngine.Font,int,int,UnityEngine.TextCore.LowLevel.GlyphRenderMode,int,int,UnityEngine.TextCore.Text.AtlasPopulationMode,bool) (at /home/bokken/build/output/unity/unity/Modules/TextCoreTextEngine/Managed/TextAssets/FontAsset.cs:719)
UnityEngine.TextCore.Text.FontAssetFactory:ConvertFontToFontAsset (UnityEngine.Font) (at /home/bokken/build/output/unity/unity/Modules/TextCoreTextEngine/Managed/TextAssets/FontAsset/FontAssetFactory.cs:124)
UnityEngine.TextCore.Text.TextSettings:GetCachedFontAsset (UnityEngine.Font) (at /home/bokken/build/output/unity/unity/Modules/TextCoreTextEngine/Managed/TextAssets/TextSettings.cs:321)
UnityEngine.IMGUITextHandle:GetTextSettingsFontAssetAndFontSize (UnityEngine.GUIStyle) (at /home/bokken/build/output/unity/unity/Modules/IMGUI/ATGIMGUITextHandle.cs:191)
UnityEngine.IMGUITextHandle:ConvertGUIStyleToNativeTextGenerationSettings (UnityEngine.TextCore.NativeTextGenerationSettings&,UnityEngine.GUIStyle,UnityEngine.Color,string,UnityEngine.Rect) (at /home/bokken/build/output/unity/unity/Modules/IMGUI/ATGIMGUITextHandle.cs:41)
UnityEngine.IMGUITextHandle:GetATGTextHandle (UnityEngine.GUIStyle,UnityEngine.Rect,string,UnityEngine.Color32,bool) (at /home/bokken/build/output/unity/unity/Modules/IMGUI/ATGIMGUITextHandle.cs:210)
UnityEngine.IMGUITextHandle:GetTextHandle (UnityEngine.GUIStyle,UnityEngine.Rect,string,UnityEngine.Color32,bool) (at /home/bokken/build/output/unity/unity/Modules/IMGUI/IMGUITextHandle.cs:120)
UnityEngine.TextEditor:.ctor () (at /home/bokken/build/output/unity/unity/Modules/IMGUI/TextEditor.cs:147)
UnityEditor.EditorGUI/RecycledTextEditor:.ctor ()
UnityEditor.EditorGUI/DelayedTextEditor:.ctor () (at /home/bokken/build/output/unity/unity/Editor/Mono/EditorGUI.cs:620)
UnityEditor.EditorGUI:get_s_DelayedTextEditor () (at /home/bokken/build/output/unity/unity/Editor/Mono/EditorGUI.cs:43)
UnityEditor.HandleUtility:BeginHandles () (at /home/bokken/build/output/unity/unity/Editor/Mono/Handles/HandleUtility.cs:761)
UnityEditor.RetainedMode:OnBeginContainer (UnityEngine.UIElements.IMGUIContainer) (at /home/bokken/build/output/unity/unity/Modules/UIElementsEditor/RetainedMode.cs:32)
UnityEngine.UIElements.UIElementsIMGUIUtility:BeginContainerGUI (UnityEngine.GUILayoutUtility/LayoutCache,UnityEngine.Event,UnityEngine.UIElements.IMGUIContainer) (at /home/bokken/build/output/unity/unity/Modules/UIElements/Core/UIElementsUtility.cs:101)
UnityEngine.UIElements.IMGUIContainer:DoOnGUI (UnityEngine.Event,UnityEngine.Matrix4x4,UnityEngine.Rect,bool,UnityEngine.Rect,System.Action,bool) (at /home/bokken/build/output/unity/unity/Modules/UIElements/Core/IMGUIContainer.cs:292)
UnityEngine.UIElements.IMGUIContainer:HandleIMGUIEvent (UnityEngine.Event,UnityEngine.Matrix4x4,UnityEngine.Rect,System.Action,bool) (at /home/bokken/build/output/unity/unity/Modules/UIElements/Core/IMGUIContainer.cs:694)
UnityEngine.UIElements.IMGUIContainer:DoIMGUIRepaint () (at /home/bokken/build/output/unity/unity/Modules/UIElements/Core/IMGUIContainer.cs:567)
UnityEngine.UIElements.UIR.RenderChainCommand:ExecuteNonDrawMesh (UnityEngine.UIElements.UIR.DrawParams,single,System.Exception&) (at /home/bokken/build/output/unity/unity/Modules/UIElements/Core/Renderer/UIRenderer/UIRenderers.cs:148)
UnityEngine.UIElements.UIR.UIRenderDevice:EvaluateChain (UnityEngine.UIElements.UIR.RenderChainCommand,UnityEngine.Material,UnityEngine.Texture,UnityEngine.Texture,System.Nullable`1<UnityEngine.Rect>,UnityEngine.Vector2,single,bool,UnityEngine.UIElements.TextureSlotCount,bool,System.Exception&) (at /home/bokken/build/output/unity/unity/Modules/UIElements/Core/Renderer/UIRenderer/UIRenderDevice.cs:823)
UnityEngine.UIElements.UIR.RenderTreeManager:RenderSingleTree (UnityEngine.UIElements.UIR.RenderTree,UnityEngine.RenderTexture,UnityEngine.RectInt,UnityEngine.Rect) (at /home/bokken/build/output/unity/unity/Modules/UIElements/Core/Renderer/UIRRenderTreeManager.cs:417)
UnityEngine.UIElements.UIR.RenderTreeManager:RenderRootTree () (at /home/bokken/build/output/unity/unity/Modules/UIElements/Core/Renderer/UIRRenderTreeManager.cs:364)
UnityEngine.UIElements.UIRRepaintUpdater:Render () (at /home/bokken/build/output/unity/unity/Modules/UIElements/Core/Renderer/UIRRepaintUpdater.cs:142)
UnityEngine.UIElements.BaseVisualElementPanel:Render () (at /home/bokken/build/output/unity/unity/Modules/UIElements/Core/Panel.cs:974)
UnityEngine.UIElements.Panel:Render () (at /home/bokken/build/output/unity/unity/Modules/UIElements/Core/Panel.cs:1639)
UnityEditor.UIElements.EditorEventDispatchUtility:DoDispatch (UnityEngine.UIElements.BaseVisualElementPanel,UnityEngine.Event) (at /home/bokken/build/output/unity/unity/Modules/UIElementsEditor/EditorEventDispatchUtility.cs:62)
UnityEditor.UIElements.DefaultWindowBackend:ProcessEvent (UnityEngine.Event) (at /home/bokken/build/output/unity/unity/Modules/UIElementsEditor/WindowBackends/DefaultWindowBackend.cs:114)
UnityEditor.GUIView:ProcessEvent (UnityEngine.EntityId,intptr,bool&) (at /home/bokken/build/output/unity/unity/Editor/Mono/GUIView.cs:70)

(Filename: /home/bokken/build/output/unity/unity/Modules/TextCoreTextEngine/Managed/TextAssets/FontAsset.cs Line: 563)

Unable to load font face for [LegacyRuntime]. Make sure "Include Font Data" is enabled in the Font Import Settings.
UnityEngine.Debug:ExtractStackTraceNoAlloc (byte*,int,string)
UnityEngine.StackTraceUtility:ExtractStackTrace () (at /home/bokken/build/output/unity/unity/Runtime/Export/Scripting/StackTrace.cs:35)
UnityEngine.DebugLogHandler:Internal_Log (UnityEngine.LogType,UnityEngine.LogOption,string,UnityEngine.Object)
UnityEngine.DebugLogHandler:LogFormat (UnityEngine.LogType,UnityEngine.Object,string,object[])
UnityEngine.Logger:Log (UnityEngine.LogType,object,UnityEngine.Object)
UnityEngine.Debug:LogWarning (object,UnityEngine.Object)
UnityEngine.TextCore.Text.FontAsset:CreateFontAsset (UnityEngine.Font,int,int,int,UnityEngine.TextCore.LowLevel.GlyphRenderMode,int,int,UnityEngine.TextCore.Text.AtlasPopulationMode,bool) (at /home/bokken/build/output/unity/unity/Modules/TextCoreTextEngine/Managed/TextAssets/FontAsset.cs:747)
UnityEngine.TextCore.Text.FontAsset:CreateFontAsset (UnityEngine.Font,int,int,UnityEngine.TextCore.LowLevel.GlyphRenderMode,int,int,UnityEngine.TextCore.Text.AtlasPopulationMode,bool) (at /home/bokken/build/output/unity/unity/Modules/TextCoreTextEngine/Managed/TextAssets/FontAsset.cs:719)
UnityEngine.TextCore.Text.FontAssetFactory:ConvertFontToFontAsset (UnityEngine.Font) (at /home/bokken/build/output/unity/unity/Modules/TextCoreTextEngine/Managed/TextAssets/FontAsset/FontAssetFactory.cs:124)
UnityEngine.TextCore.Text.TextSettings:GetCachedFontAsset (UnityEngine.Font) (at /home/bokken/build/output/unity/unity/Modules/TextCoreTextEngine/Managed/TextAssets/TextSettings.cs:321)
UnityEngine.IMGUITextHandle:GetTextSettingsFontAssetAndFontSize (UnityEngine.GUIStyle) (at /home/bokken/build/output/unity/unity/Modules/IMGUI/ATGIMGUITextHandle.cs:191)
UnityEngine.IMGUITextHandle:ConvertGUIStyleToNativeTextGenerationSettings (UnityEngine.TextCore.NativeTextGenerationSettings&,UnityEngine.GUIStyle,UnityEngine.Color,string,UnityEngine.Rect) (at /home/bokken/build/output/unity/unity/Modules/IMGUI/ATGIMGUITextHandle.cs:41)
UnityEngine.IMGUITextHandle:GetATGTextHandle (UnityEngine.GUIStyle,UnityEngine.Rect,string,UnityEngine.Color32,bool) (at /home/bokken/build/output/unity/unity/Modules/IMGUI/ATGIMGUITextHandle.cs:210)
UnityEngine.IMGUITextHandle:GetTextHandle (UnityEngine.GUIStyle,UnityEngine.Rect,string,UnityEngine.Color32,bool) (at /home/bokken/build/output/unity/unity/Modules/IMGUI/IMGUITextHandle.cs:120)
UnityEngine.TextEditor:.ctor () (at /home/bokken/build/output/unity/unity/Modules/IMGUI/TextEditor.cs:147)
UnityEditor.EditorGUI/RecycledTextEditor:.ctor ()
UnityEditor.EditorGUI/DelayedTextEditor:.ctor () (at /home/bokken/build/output/unity/unity/Editor/Mono/EditorGUI.cs:620)
UnityEditor.EditorGUI:get_s_DelayedTextEditor () (at /home/bokken/build/output/unity/unity/Editor/Mono/EditorGUI.cs:43)
UnityEditor.HandleUtility:BeginHandles () (at /home/bokken/build/output/unity/unity/Editor/Mono/Handles/HandleUtility.cs:761)
UnityEditor.RetainedMode:OnBeginContainer (UnityEngine.UIElements.IMGUIContainer) (at /home/bokken/build/output/unity/unity/Modules/UIElementsEditor/RetainedMode.cs:32)
UnityEngine.UIElements.UIElementsIMGUIUtility:BeginContainerGUI (UnityEngine.GUILayoutUtility/LayoutCache,UnityEngine.Event,UnityEngine.UIElements.IMGUIContainer) (at /home/bokken/build/output/unity/unity/Modules/UIElements/Core/UIElementsUtility.cs:101)
UnityEngine.UIElements.IMGUIContainer:DoOnGUI (UnityEngine.Event,UnityEngine.Matrix4x4,UnityEngine.Rect,bool,UnityEngine.Rect,System.Action,bool) (at /home/bokken/build/output/unity/unity/Modules/UIElements/Core/IMGUIContainer.cs:292)
UnityEngine.UIElements.IMGUIContainer:HandleIMGUIEvent (UnityEngine.Event,UnityEngine.Matrix4x4,UnityEngine.Rect,System.Action,bool) (at /home/bokken/build/output/unity/unity/Modules/UIElements/Core/IMGUIContainer.cs:694)
UnityEngine.UIElements.IMGUIContainer:DoIMGUIRepaint () (at /home/bokken/build/output/unity/unity/Modules/UIElements/Core/IMGUIContainer.cs:567)
UnityEngine.UIElements.UIR.RenderChainCommand:ExecuteNonDrawMesh (UnityEngine.UIElements.UIR.DrawParams,single,System.Exception&) (at /home/bokken/build/output/unity/unity/Modules/UIElements/Core/Renderer/UIRenderer/UIRenderers.cs:148)
UnityEngine.UIElements.UIR.UIRenderDevice:EvaluateChain (UnityEngine.UIElements.UIR.RenderChainCommand,UnityEngine.Material,UnityEngine.Texture,UnityEngine.Texture,System.Nullable`1<UnityEngine.Rect>,UnityEngine.Vector2,single,bool,UnityEngine.UIElements.TextureSlotCount,bool,System.Exception&) (at /home/bokken/build/output/unity/unity/Modules/UIElements/Core/Renderer/UIRenderer/UIRenderDevice.cs:823)
UnityEngine.UIElements.UIR.RenderTreeManager:RenderSingleTree (UnityEngine.UIElements.UIR.RenderTree,UnityEngine.RenderTexture,UnityEngine.RectInt,UnityEngine.Rect) (at /home/bokken/build/output/unity/unity/Modules/UIElements/Core/Renderer/UIRRenderTreeManager.cs:417)
UnityEngine.UIElements.UIR.RenderTreeManager:RenderRootTree () (at /home/bokken/build/output/unity/unity/Modules/UIElements/Core/Renderer/UIRRenderTreeManager.cs:364)
UnityEngine.UIElements.UIRRepaintUpdater:Render () (at /home/bokken/build/output/unity/unity/Modules/UIElements/Core/Renderer/UIRRepaintUpdater.cs:142)
UnityEngine.UIElements.BaseVisualElementPanel:Render () (at /home/bokken/build/output/unity/unity/Modules/UIElements/Core/Panel.cs:974)
UnityEngine.UIElements.Panel:Render () (at /home/bokken/build/output/unity/unity/Modules/UIElements/Core/Panel.cs:1639)
UnityEditor.UIElements.EditorEventDispatchUtility:DoDispatch (UnityEngine.UIElements.BaseVisualElementPanel,UnityEngine.Event) (at /home/bokken/build/output/unity/unity/Modules/UIElementsEditor/EditorEventDispatchUtility.cs:62)
UnityEditor.UIElements.DefaultWindowBackend:ProcessEvent (UnityEngine.Event) (at /home/bokken/build/output/unity/unity/Modules/UIElementsEditor/WindowBackends/DefaultWindowBackend.cs:114)
UnityEditor.GUIView:ProcessEvent (UnityEngine.EntityId,intptr,bool&) (at /home/bokken/build/output/unity/unity/Editor/Mono/GUIView.cs:70)

(Filename: /home/bokken/build/output/unity/unity/Modules/TextCoreTextEngine/Managed/TextAssets/FontAsset.cs Line: 747)

Android Extension - Scanning For ADB Devices 1173 ms
[UnityConnectServicesConfig] Service configuration:
    "servicesConfigBaseUrl": "",
    "disableServicesWindow": false,
    "disableUserLogin": false,
    "entitlementCacheTimeoutInSeconds": 60,
    "clientConnectTimeoutSec": 60,
    "clientHandshakeTimeoutSec": 30,
    "clientResolveEntitlementsTimeoutSec": 30,
    "clientUpdateLicenseTimeoutSec": 30,
    "licensingServiceBaseUrl": "",
    "enableProxyAutoconfig": "false"

Created GICache directory at /home/smugbab/.cache/unity3d/GiCache. Took: 0.006s, timestamps: [38.006 - 38.013]
[Licensing::Client] Successfully resolved entitlement details
[Licensing::Client] Successfully resolved entitlement details
[Licensing::Client] Successfully updated the access token
[Licensing::Module] Successfully updated access token: "JcOP753x"... (expires: 2026-10-09T14:22:57Z)
Android Extension - Scanning For ADB Devices 173 ms
Starting new worker id: 1 with log in /home/smugbab/Desktop/Projects/TabletGames/Logs/AssetImportWorkerHW1.log
[UnityConnectServicesConfig] Local config successfully read: "/usr/share/unity3d/config/services-config.json"
[UnityConnectServicesConfig] Service configuration:
    "servicesConfigBaseUrl": "",
    "disableServicesWindow": false,
    "disableUserLogin": false,
    "entitlementCacheTimeoutInSeconds": 60,
    "clientConnectTimeoutSec": 60,
    "clientHandshakeTimeoutSec": 30,
    "clientResolveEntitlementsTimeoutSec": 30,
    "clientUpdateLicenseTimeoutSec": 30,
    "licensingServiceBaseUrl": "",
    "enableProxyAutoconfig": "false"

[Worker0] Imported GUID: 99c9720ab356a0642a771bea13969a05 - Path: Assets/Scenes/car.unity - Importer: ScriptedImporter/UnityEditor.QuickSearchModule:UnityEditor.Search:ASIAI0B -> (ImportResultId: '38e4ceb02c0bc172f79cd3f2cc26fd93') in 0.077306294 seconds
Attempted to call .Dispose on an already disposed CancellationTokenSource
Android Extension - Scanning For ADB Devices 182 ms
Android Extension - Scanning For ADB Devices 181 ms
Worker ready: AssetImportWorkerHW1 1
TrimDiskCacheJob: Current cache size 1mb
Asset Pipeline Refresh (id=8e0f68c056e378084a6ad057246c1fd4): Total: 0.049 seconds - Initiated by RefreshV2(AllowForceSynchronousImport)
[Worker0] Imported GUID: 760158c5ef055b8bc9b53659274dc9b6 - Path: Assets/scripts/carmovement.cs - Importer: PreviewImporter -> (ImportResultId: 'c0d1f03ee1d155a082518b5084e5233b') in 0.008227996 seconds
EditorHelper: Unable to use the external script editor. Trying the internal script editor now.
Opening Default ApplicationAsset Pipeline Refresh (id=20ed339384d2a56cc9e50341af3c2e50): Total: 0.045 seconds - Initiated by RefreshV2(AllowForceSynchronousImport)
Asset Pipeline Refresh (id=92d6d74a6289a5d1186ae41916164897): Total: 0.043 seconds - Initiated by RefreshV2(AllowForceSynchronousImport)
Asset Pipeline Refresh (id=e6edf2d89e8366912873dff95e36d6ce): Total: 0.041 seconds - Initiated by RefreshV2(AllowForceSynchronousImport)
Asset Pipeline Refresh (id=1b8f529ca5ac170a3846dd427ea162e8): Total: 0.058 seconds - Initiated by RefreshV2(AllowForceSynchronousImport)
Asset Pipeline Refresh (id=9b095cb58f45eb073b581e037e6f620b): Total: 0.044 seconds - Initiated by RefreshV2(AllowForceSynchronousImport)
